Name,address,city,state,country,sumt,drop,base,gondolas_and_trams,fastEight,highSpeedSixes,quadChairs,tripleChairs,doubleChairs,surfeLifts,totalRuns (acre),longestRun (miles),daysOpenLastYear,averageSnowfall (inches),projectedOpening,projectedClosing,NovSnow,DecSnow,JanSnow,FebSnow,MarSnow,AprSnow,MaySnow,child_season,junior_season,adult_season,child_weekday,junior_weekday,adult_weekday,senior_weekday,child_weekend,junior_weekend,adult_weekend,senior_weekend,Url,gondolas_lifts_note,terrainNote,ticketpriceNote
49 Degrees North,P.O. Box 166,99109 Chewelah,Washington,United States,5774,1851,3932,0,1,0,1,0,4,1,2325,2,101,301,December 02 2023,April 28 2024,11,61,58,49,31,6,0,25,419,589,489,5,44,49,44,5,59,72,https://www.onthesnow.com/washington/49-degrees-north/ski-resort.html,0,Check terrain information.,0
Afton Alps,6600 Peller Avenue South,55033 Hastings,Minnesota,United States,1530,350,1180,0,0,0,1,2,14,4,250,0.5,135,60,November 18 2023,March 24 2024,2,12,11,13,6,0.5,0,439,859,50,55,50,55,60,55,0,0,0,https://www.onthesnow.com/Minnesota/afton-alps/ski-resort.html,0,0,0
Alpental,POB 1068,98068 Snoquale Pass,Washington,United States,5420,2280,3140,0,1,0,0,0,3,1,825,1.2,120,428,December 15 2023,April 21 2024,8,79,78,98,51,21,0,289,399,0,0,0,0,0,0,0,0,0,https://www.onthesnow.com/washington/alpental/ski-resort.html,0,Check terrain information.,0
Alpine Valley Ohio,10620 Mayfield,44026 Chesterland,Ohio,United States,1500,230,1260,0,0,0,1,2,0,2,72,0.2,105,120,December 16 2023,March 10 2024,0,3,17,14,4,0,0,244,305,95,10,38,43,10,10,38,43,10,https://www.onthesnow.com/ohio/alpine-valley/ski-resort.html,0,0,0
Alpine Valley Wisconsin,P.O. Box 615,53120 East Troy,Wisconsin,United States,1040,388,820,0,3,0,0,4,0,6,90,0.2,100,80,November 25 2023,March 19 2024,0,4,5,6,3,0,0,508,652,652,598,28,56,56,51,32.5,65,65,https://www.onthesnow.com/wisconsin/alpine-valley-resort/ski-resort.html,0,0,0
Alta,P.O. Box 8007,84092 Alta,Utah,United States,11068,2538,8530,0,3,0,0,1,2,0,140,1.3,156,547,November 18 2023,April 21 2024,16,88,84,74,74,40,0,409,599,1349,1049,80,159,0,125,0,0,0,https://www.onthesnow.com/utah/alta-ski-area/ski-resort.html,Check gondola information.,0,0
Alyeska,P.O. Box 249,99587 Girdwood,Alaska,United States,3939,2500,250,1,2,0,2,0,0,2,113,1,150,669,December 07 2023,April 28 2024,15,81,114,83,84,33,0,899,1499,299,33,52,65,52,43,68,85,68,https://www.onthesnow.com/alaska/alyeska-resort/ski-resort.html,0,0,0
Andes Tower Hills,4505 Andes Road Southwest,56343 Kensington,Minnesota,United States,1620,290,1330,0,0,0,1,2,0,3,35,0.2,100,55,October 18 2023,March 20 2024,0.5,5,8,5,4,0,0,10,299,299,359,5,35,45,35,5,35,45,https://www.onthesnow.com/Minnesota/andes-tower-hills-ski-area/ski-resort.html,0,0,0
Angel Fire,P.O. Box 130,87710 Angel Fire,New Mexico,United States,10677,2077,8600,0,2,0,0,0,3,2,230,3,101,210,December 15 2023,March 17 2024,8,30,28,34,23,0,0,550,550,850,550,67,77,89,39,70,80,92,https://www.onthesnow.com/new-mexico/angel-fire-resort/ski-resort.html,0,0,0
Anthony Lakes,47500 Anthony Lake Highway,97867 North Powder,Oregon,United States,8000,900,7100,0,0,0,0,1,0,2,1100,1.5,75,300,December 03 2023,April 07 2024,5,28,37,33,25,4,0,240,395,475,10,21,29,40,0,21,29,40,https://www.onthesnow.com/oregon/anthony-lakes-mountain-resort/ski-resort.html,0,Check terrain information.,0
Appalachian Ski Mountain,PO Box 106,28605 Blowing Rock,North Carolina,United States,4000,365,3635,0,0,0,2,0,1,3,27,0.5,100,50,November 24 2023,March 17 2024,5,13,5,5,3,0,0,10,450,575,450,0,32,41,32,0,46,66,https://www.onthesnow.com/north-carolina/appalhian-ski-mtn/ski-resort.html,0,0,0
Apple Mountain,4519 N. River Road,48623 Freeland,Michigan,United States,820,220,600,0,0,0,1,0,0,5,42,0,0,52,December 13 2025,March 14 2026,0,0.5,2,5,2,0,0,0,35,35,35,0,35,35,35,0,25,25,https://www.onthesnow.com/Michigan/apple-mountain/ski-resort.html,0,0,0
Arapahoe Basin,PO Box 5808,80435 Dillon,Colorado,United States,13050,2530,10780,0,1,0,3,1,1,3,125,1.5,234,350,October 23 2022,June 04 2023,33,43,43,42,45,39,32,169,459,619,379,59,79,89,99,69,99,109,https://www.onthesnow.com/colorado/arapahoe-basin-ski-area/ski-resort.html,0,0,0
Arizona Snowbowl,P.O. Box 40,86002 Flagstaff,Arizona,United States,11500,2300,9200,0,0,1,2,2,1,2,104,2,122,260,November 18 2022,May 29 2023,11,34,58,49,44,4,1,599,699,999,749,0,0,0,0,0,0,0,https://www.onthesnow.com/arizona/arizona-snowbowl/ski-resort.html,0,0,0
Aspen Snowmass,P.O. Box 1248,81612 Aspen,Colorado,United States,12510,4406,8104,3,15,1,4,3,5,9,658,5.3,150,300,November 23 2023,April 21 2024,24,66,56,59,69,33,0.3,899,2899,2149,131,131,189,131,141,141,199,141,https://www.onthesnow.com/colorado/aspen-snowmass/ski-resort.html,0,0,0
Attitash,PO Box 308,03812 Bartlett,New Hampshire,United States,2350,1750,600,0,2,0,1,3,0,2,240,3,115,120,December 02 2023,April 07 2024,1,19,21,30,17,2,0,335,519,639,59,79,59,67,89,67,0,0,https://www.onthesnow.com/new-hampshire/attitash/ski-resort.html,0,0,0
Bear Creek Mountain,101 Doe Mountain Lane,18062 Mungie,Pennsylvania,United States,1100,510,600,0,0,0,3,1,0,2,86,1,91,30,December 24 2023,March 19 2024,0.9,1,7,8,4,0,0,25,419,25,43,50,43,49,60,49,0,0,https://www.onthesnow.com/pennsylvania/bear-creek-mountain-resort/ski-resort.html,0,0,0
Bear Mountain,P.O. Box 77,92315 Big Bear Lake,California,United States,8805,1665,7140,0,2,0,1,2,3,0,198,1.5,0,0,November 12 2022,April 23 2023,5,16,29,28,23,0,0,319,549,639,0,0,0,0,0,0,0,0,https://www.onthesnow.com/california/bear-mountain/ski-resort.html,Check gondola information.,0,0
Bear Valley,P.O. Box 5038,95223 Bear Valley,California,United States,8500,1900,6600,0,1,1,0,2,4,2,100,1.2,165,359,December 16 2023,April 14 2024,12,65,71,55,70,16,0,399,539,649,399,0,0,0,0,0,0,0,https://www.onthesnow.com/california/bear-valley/ski-resort.html,0,0,0
Beaver Creek,PO Box 7,81658 Vail,Colorado,United States,11440,3340,8100,2,11,0,0,1,1,9,650,2.8,144,323,November 22 2023,April 14 2024,22,52,49,46,52,16,0,448,879,132,191,215,170,275,237,0,0,0,https://www.onthesnow.com/colorado/beaver-creek/ski-resort.html,0,0,0
Beaver Mountain,P.O. Box 3455,84323-3455 Logan,Utah,United States,8860,1600,7232,0,0,0,0,3,1,2,880,1.7,120,200,December 06 2023,April 07 2024,0.1,28,56,49,47,4,0,355,590,100,40,50,40,40,50,40,35,40,https://www.onthesnow.com/utah/beaver-mountain/ski-resort.html,0,Check terrain information.,0
Ski Beech Mountain,PO Box 1118,28604 Banner  Elk,North Carolina,United States,5506,830,4675,0,0,0,3,0,3,2,95,1,98,31,December 03 2023,March 18 2024,0.5,6,18,12,4,0,0,5,470,575,470,0,31,41,31,0,48,68,https://www.onthesnow.com/north-carolina/ski-beech-mountain-resort/ski-resort.html,0,0,0
Belleayre,P.O. Box 313,12441-0313 Highmount,New York,United States,3429,1404,2025,1,1,0,2,1,0,3,168,2.2,154,130,November 17 2023,April 16 2024,2,21,22,28,25,3,0,0,0,0,0,0,0,0,0,0,0,0,https://www.onthesnow.com/new-york/belleayre/ski-resort.html,0,0,Check ticket prices.
Berkshire East,P.O. Box 727,01339 Charlemont,Masshusetts,United States,1720,1180,540,0,0,0,2,1,1,2,165,2,120,120,December 22 2023,April 02 2024,0.1,9,17,26,16,0.7,0,0,589,699,589,48,48,35,48,68,48,0,https://www.onthesnow.com/masshusetts/berkshire-east/ski-resort.html,0,0,0
Big Bear,HC1 BOX 1A 353,18435 Lkawaxen,Pennsylvania,United States,1250,650,600,0,0,0,0,0,4,3,26,1,75,55,December 17 2023,March 26 2024,0.1,4,10,7,4,0,0,395,40,50,40,47,62,47,79,104,79,217,https://www.onthesnow.com/pennsylvania/big-bear/ski-resort.html,0,0,0
Big Boulder,P.O.Box 1539,18610 Blakeslee,Pennsylvania,United States,2175,600,1700,0,0,0,0,2,5,1,55,0,76,50,December 26 2023,March 19 2024,0,6,8,12,9,0,0,899,1129,10,35,50,35,10,49,65,49,0,https://www.onthesnow.com/pennsylvania/big-boulder/ski-resort.html,0,0,0
Big Powderhorn Mountain,N11375 Powderhorn Road,49911 Bessemer,Michigan,United States,1800,600,1200,0,0,0,0,0,9,1,228,1,100,214,December 22 2023,April 01 2024,0.4,16,28,28,11,1,0,129,379,479,379,44,56,69,56,44,56,69,https://www.onthesnow.com/Michigan/big-powderhorn-mountain/ski-resort.html,0,0,0
Big Sky,P.O. Box 160001,59716-0001 Big Sky,Montana,United States,11166,4350,7500,1,5,2,3,7,5,12,400,6,144,400,November 22 2023,April 21 2024,17,60,47,57,56,34,0,699,949,1869,1769,1,106,152,146,1,113,194,https://www.onthesnow.com/montana/big-sky-resort/ski-resort.html,0,0,0
Big Squaw,P.O. Box 430,04441 Greenville,Maine,United States,3200,660,1750,0,0,0,0,1,0,1,29,0.8,67,0,December 26 2023,April 09 2024,0,3,9,7,3,0,0,100,375,520,425,0,25,30,0,0,25,30,https://www.onthesnow.com/maine/big-squaw-mountain-ski-resort/ski-resort.html,0,Check terrain information.,0
Bittersweet,600 River Road,49078 Otsego,Michigan,United States,850,350,450,0,0,0,1,6,0,4,100,0.2,80,90,November 22 2023,March 17 2024,1,6,15,15,4,0,0,290,350,440,390,19,38,24,48,0,0,0,https://www.onthesnow.com/Michigan/bittersweet-ski-area/ski-resort.html,0,0,0
Blandford,PO Box 158,01008 Blandford,Masshusetts,United States,1685,465,1035,0,0,0,0,0,3,2,70,0.5,0,50,December 15 2023,March 08 2024,0,0,6,9,0.9,0,0,15,20,20,15,20,35,45,20,0,0,0,https://www.onthesnow.com/masshusetts/blandford-ski-area/ski-resort.html,0,0,0
Black Mountain,P.O. Box B,03846 Jackson,Masshusetts,United States,2350,1100,1250,0,0,0,0,1,1,3,120,1.6,110,125,December 26 2023,March 24 2024,0,11,23,29,15,1,0,449,499,599,399,0,35,45,35,0,42,59,https://www.onthesnow.com/new-hampshire/blk-mountain/ski-resort.html,0,0,0
Blacktail Mountain,Box 1090,59922 Lakeside,Montana,United States,6676,1440,5236,0,0,0,0,1,2,1,1000,0.7,0,250,December 10 2022,April 16 2023,1,28,38,41,30,6,0,140,330,485,130,22,32,45,22,22,32,45,https://www.onthesnow.com/montana/blktail-mountain-ski-area/ski-resort.html,0,Check terrain information.,0
Blue Hills,4001 Washington St,02021 Canton,Masshusetts,United States,635,309,326,0,0,0,0,0,1,3,60,0,0,0,December 27 2023,March 17 2024,0,0.5,9,10,1,0,0,429,179,40,45,0,0,0,0,0,0,0,https://www.onthesnow.com/masshusetts/blue-hills-ski-area/ski-resort.html,0,0,0
Blue Knob,PO Box 247,16625 Claysburg,Pennsylvania,United States,3146,1072,2074,0,0,0,0,2,2,2,84,2,87,120,December 21 2023,March 26 2024,0,12,26,26,12,0.2,0,375,435,699,435,0,38,43,38,0,63,68,https://www.onthesnow.com/pennsylvania/blue-knob/ski-resort.html,0,0,0
Blue Mountain,PO Box 216,18071 Palmerton,Pennsylvania,United States,1600,1082,460,0,1,1,1,1,3,9,164,1.2,122,33,December 02 2023,March 24 2024,0.1,9,12,15,8,0.5,0,799,799,55,65,0,0,0,0,0,0,0,https://www.onthesnow.com/pennsylvania/blue-mountain-ski-area/ski-resort.html,0,0,0
Bluewood,PO Box 88,99328 Dayton,Washington,United States,5670,1125,4545,0,0,0,0,2,0,1,355,2,70,300,December 07 2022,April 16 2023,4,37,52,48,20,3,0,49,599,699,599,0,35,42,35,0,40,47,https://www.onthesnow.com/washington/bluewood/ski-resort.html,0,Check terrain information.,0
Bogus Basin,2600 Bogus Basin Rd.,83702 Boise,Idaho,United States,7582,1800,5800,0,4,0,0,0,3,3,75,1.5,148,250,November 18 2023,May 04 2024,5,35,38,36,33,7,0,39,169,549,369,27,49,69,47,27,49,69,https://www.onthesnow.com/idaho/bogus-basin/ski-resort.html,0,0,0
Bolton Valley,4302 Bolton cess Rd,05477 Bolton,Vermont,United States,3150,1704,1446,0,0,0,2,0,3,1,90,0.6,133,300,November 24 2023,April 07 2024,1,29,44,53,46,5,0,29,379,779,379,0,54,69,54,0,64,79,https://www.onthesnow.com/vermont/bolton-valley/ski-resort.html,0,0,0
Boreal,P.O. Box 39,96161 Truckee,CA 96160,United States,7700,500,7200,0,1,0,1,3,1,2,200,1,150,400,November 10 2023,April 21 2024,20,83,73,55,59,20,0,309,399,549,169,39,39,49,39,0,0,0,https://www.onthesnow.com/california/boreal/ski-resort.html,0,0,0
Boston Mills and Brandywine,P.O. Box 175,44264-0175 Peninsula,Ohio,United States,871,264,631,0,0,0,1,5,1,1,40,0.3,92,51,December 23 2023,March 17 2024,0,2,13,11,2,0,0,244,305,95,11,39,44,11,11,39,44,11,https://www.onthesnow.com/ohio/boston-lls/ski-resort.html,0,0,0
Bousquet,Dan Fox Dr.,01201 Pittsfield,Masshusetts,United States,1875,750,1125,0,0,0,0,0,0,2,98,1,0,83,November 24 2023,April 07 2024,0,5,7,9,2,0,0,0,399,529,399,20,25,25,30,49,42,0,https://www.onthesnow.com/masshusetts/bousquet-ski-area/ski-resort.html,0,0,0
Boyne Mountain,P.O. Box 19,49713 Boyne Falls,Michigan,United States,1120,500,620,0,0,1,4,3,2,2,380,1,122,140,November 24 2023,April 16 2024,3,28,37,28,13,7,0,399,949,609,0,0,0,0,0,0,0,0,https://www.onthesnow.com/Michigan/boyne-mountain-resort/ski-resort.html,0,0,0
Bradford,P.O. Box 99,01835 Bradford,Masshusetts,United States,1548,248,1300,0,0,0,0,2,0,8,48,0.3,0,0,December 27 2023,March 17 2024,0,0.8,3,9,0,0,0,665,37,55,0,0,0,0,0,0,0,0,https://www.onthesnow.com/masshusetts/bradford-ski-area/ski-resort.html,0,0,0
Brantling Ski,4015 Fish Farm Road,14551 Sodus,New York,United States,850,250,600,0,0,0,0,0,0,5,16,0.1,0,110,December 25 2023,March 24 2024,0,3,8,9,1,0,0,330,360,240,22,29,32,22,22,29,32,22,https://www.onthesnow.com/new-york/brantling-ski-slopes/ski-resort.html,0,0,0
Breckenridge,P.O. Box 1058,80424 Breckenridge,Colorado,United States,12998,3398,9600,1,7,5,0,1,6,15,600,3.5,204,300,November 11 2022,May 21 2023,30,59,57,54,59,36,7,439,859,97,149,139,116,179,169,0,0,0,https://www.onthesnow.com/colorado/breckenridge/ski-resort.html,0,0,0
Bretton Woods,Route 302,03575 Bretton Woods,New Hampshire,United States,3100,1500,1600,1,4,0,1,1,0,3,344,2,180,200,November 18 2023,April 07 2024,12,33,36,40,28,5,0,30,519,1155,915,60,79,105,40,70,89,129,https://www.onthesnow.com/new-hampshire/bretton-woods/ski-resort.html,0,0,0
Brian Head,P.O. Box 190008,84719 Brian Head,Utah,United States,10970,1548,9600,0,2,0,0,5,1,0,216,0.6,149,360,November 03 2023,May 05 2024,9,52,44,54,53,9,0,525,625,899,675,30,42,30,43,59,43,35,https://www.onthesnow.com/utah/brian-head-resort/ski-resort.html,Check gondola information.,0,0
Bridger Bowl,15795 Bridger Canyon Rd.,59715 Bozeman,Montana,United States,8700,2600,6100,0,0,0,1,6,1,3,100,1.5,122,300,December 09 2023,April 07 2024,4,46,48,63,38,9,0,375,520,1000,450,60,85,40,60,85,40,0,https://www.onthesnow.com/montana/bridger-bowl/ski-resort.html,0,0,0
Brighton,12601 Big Cottonwood Canyon Rd,84121 Brighton,Utah,United States,10500,1745,8755,0,4,0,1,1,0,2,200,1.2,138,500,November 11 2022,May 29 2023,25,84,99,82,79,37,0.2,129,419,899,629,0,53,85,57,0,53,85,https://www.onthesnow.com/utah/brighton-resort/ski-resort.html,0,0,0
Bristol Mountain,5662 Route 64,14424 Canandaigua,New York,United States,2200,1200,1000,0,2,0,1,1,1,1,148,2,129,60,November 15 2023,April 07 2024,0.5,9,10,19,11,0.3,0,0,895,695,0,53,65,53,0,59,76,59,https://www.onthesnow.com/new-york/bristol-mountain/ski-resort.html,0,0,0
Bromley Mountain,PO Box 1130,05255 Manchester Center,Vermont,United States,3284,1334,1950,0,1,0,1,0,4,3,153,2.5,0,168,December 09 2023,April 07 2024,3,31,27,39,27,2,0,789,975,1129,629,67,81,92,81,71,85,96,https://www.onthesnow.com/vermont/bromley-mountain/ski-resort.html,0,0,0
Bruce Mound,517 Court St.,54754 Neilsville,Wisconsin,United States,1375,375,1000,0,0,0,0,1,0,4,30,0.5,42,42,December 17 2023,March 17 2024,0,4,4,3,0.3,0,0,95,185,220,220,15,30,33,11,22,25,0,https://www.onthesnow.com/wisconsin/bruce-mound/ski-resort.html,0,0,0
Brundage Mountain,P.O. Box 1062,83638 McCall,Idaho,United States,7803,1921,5882,0,1,0,0,4,0,1,2,3.2,126,320,December 13 2023,April 07 2024,16,65,48,55,33,8,0,299,399,799,449,33,50,78,50,33,50,78,https://www.onthesnow.com/idaho/brundage-mountain-resort/ski-resort.html,0,0,0
Bryce,P.O. Box 3,22810 Basye,Virginia,United States,1750,500,1250,0,0,0,1,0,1,2,25,0.4,100,30,December 17 2023,March 19 2024,0.3,3,7,7,4,0,0,350,38,43,38,60,68,60,0,0,0,0,https://www.onthesnow.com/virginia/bryce-resort/ski-resort.html,0,0,0
Buck Hill,15400 Buck Hill Road,55306 Burnsville,Minnesota,United States,1225,309,919,0,0,0,2,1,0,7,45,0.2,115,60,November 22 2023,April 01 2024,0,1,2,2,3,0.8,0,339,439,339,28,34,28,34,47,34,0,0,https://www.onthesnow.com/Minnesota/buck-hill/ski-resort.html,0,0,0
Buena Vista,621 Lake Julia Drive NW,56601 Bedji,Minnesota,United States,1510,230,1280,0,0,0,0,2,2,2,30,0.3,57,78,November 26 2023,March 17 2024,0.2,6,4,7,0.9,0,0,315,365,34,44,34,44,0,0,0,0,0,https://www.onthesnow.com/Minnesota/buena-vista-ski-area/ski-resort.html,0,0,0
Buffalo Ski Club,P.O. Box 608,14033 Orchard Park,New York,United States,3429,500,2025,0,0,0,0,0,2,4,150,0,0,0,December 31 2023,March 26 2024,0,4,23,19,5,0,0,500,25,35,25,39,50,39,0,0,0,0,https://www.onthesnow.com/new-york/buffalo-ski-club-ski-area/ski-resort.html,0,0,0
Burke Mountain,P.O. Box 247,05832 East Burke,Vermont,United States,3267,2011,1210,0,2,0,0,0,0,2,125,2.2,110,178,November 25 2023,April 07 2024,0.8,26,35,39,30,4,0,40,489,839,549,0,62,89,62,0,62,89,https://www.onthesnow.com/vermont/burke-mountain/ski-resort.html,0,0,0
Caberfae Peaks Ski Golf,Caberfae Road,49601 Cadill,Michigan,United States,1569,485,1060,0,0,0,1,3,0,1,200,1.2,118,140,November 25 2023,March 26 2024,2,22,32,23,11,0.5,0,30,249,5,29,39,20,5,39,49,25,0,https://www.onthesnow.com/Michigan/caberfae-peaks-ski-golf-resort/ski-resort.html,0,0,0
Camden,PO Box 1207,04843 Camden,Maine,United States,1080,850,150,0,0,0,0,1,1,1,48,1,68,69,December 26 2023,March 26 2024,0,4,16,19,4,0,0,75,459,75,6,27,35,27,10,38,45,38,https://www.onthesnow.com/maine/camden-snow-bowl/ski-resort.html,0,0,0
Camelback Mountain,PO Box 168,18372 Tannersville,Pennsylvania,United States,2100,800,1250,0,2,0,0,3,5,6,166,1,100,50,December 16 2023,April 02 2024,0,7,12,14,15,0.4,0,499,699,0,45,55,45,0,50,70,50,0,https://www.onthesnow.com/pennsylvania/camelbk-mountain-resort/ski-resort.html,0,0,0
Campgaw Mountain,200 Campgaw Rd.,07430 Mahwah,New Jersey,United States,726,274,450,0,0,0,0,0,2,3,23,0.3,80,45,December 27 2023,March 26 2024,0,1,3,8,6,0,0,289,349,349,0,0,0,0,0,0,0,0,https://www.onthesnow.com/new-jersey/campgaw-mountain/ski-resort.html,0,0,0
Canaan Valley,HC 70 Box 330,26260 Davis,West Virginia,United States,4280,850,3430,0,0,0,1,2,0,1,75,1.2,0,160,December 16 2023,March 10 2024,0.6,8,30,30,10,0,0,300,450,300,0,29,52,29,0,44,68,44,https://www.onthesnow.com/west-virginia/canaan-valley-resort/ski-resort.html,0,0,0
Cannon Mountain,Franconia Notch State Park,03580 Franconia,New Hampshire,United States,4080,2180,1900,1,1,0,2,3,1,2,192,2.3,124,160,December 02 2023,April 14 2024,4,30,35,42,29,7,0,489,559,859,559,76,91,104,81,76,91,104,https://www.onthesnow.com/new-hampshire/cannon-mountain/ski-resort.html,0,0,0
Cannonsburg,P.O. Box 19,49317 Cannonsburg,Michigan,United States,1100,250,850,0,0,0,1,1,1,7,100,0.1,100,100,December 26 2023,March 20 2024,0.1,2,7,5,0.8,0,0,259,0,22,30,0,27,37,0,0,0,0,https://www.onthesnow.com/Michigan/cannonsburg/ski-resort.html,0,Check terrain information.,0
Cascade Mountain,W10441 Cascade Mtn. Rd.,53901 Portage,Wisconsin,United States,1280,460,820,0,2,0,2,2,2,3,175,1.1,120,56,November 26 2023,March 17 2024,0.1,9,12,12,5,0,0,159,487,609,487,0,0,0,0,0,0,0,https://www.onthesnow.com/wisconsin/cascade-mountain/ski-resort.html,0,0,0
Cataloochee,1080 Ski Lodge Road,28751 Maggie Valley,North Carolina,United States,5400,740,4660,0,0,0,1,1,1,2,50,1,141,50,November 20 2023,March 01 2024,1,5,9,5,2,0,0,760,0,33,43,0,0,52,70,0,0,0,https://www.onthesnow.com/north-carolina/cataloochee-ski-area/ski-resort.html,0,0,0
Catamount Ski Ride Area,P.O. Box 639 ,12529 Hillsdale,New York,United States,2000,1000,1000,0,0,0,2,3,0,3,130,2,100,108,December 15 2023,April 02 2024,0,6,12,18,13,0.1,0,0,589,699,589,17,32,38,32,30,58,69,https://www.onthesnow.com/new-york/catamount-ski-ride-area/ski-resort.html,0,0,0
Chestnut Mountain,P.O. Box 6328,61036 Galena,Illinois,United States,1040,475,565,0,0,0,2,4,0,4,139,0.2,87,50,November 26 2023,April 03 2024,0.1,9,12,15,5,0,0,459,459,459,40,45,40,45,60,45,0,0,https://www.onthesnow.com/illinois/chestnut-mountain-resort/ski-resort.html,0,0,0
Ski China Peak,P.O. Box 236,93634 Lakeshore,California,United States,8709,1679,7030,0,0,0,1,4,2,4,150,2.2,140,300,November 11 2023,April 14 2024,5,43,66,41,38,7,0,239,429,639,589,34,56,83,71,34,56,83,https://www.onthesnow.com/california/ski-china-peak/ski-resort.html,0,0,0
Christie Mountain,W13755  CTH O,54819 Bruce,WI  54819,United States,1650,350,1300,0,0,0,0,0,1,5,41,0.8,92,48,December 09 2023,April 07 2024,0.5,14,8,9,3,0,0,425,37,42,0,0,0,0,0,0,0,0,https://www.onthesnow.com/wisconsin/christie-mountain/ski-resort.html,0,0,0
Christmas Mountain,S-944 Christmas Mountain Road,53965 Wisconsin Dells,Wisconsin,United States,1250,250,1000,0,0,0,1,0,0,2,40,0.4,75,20,December 24 2023,March 10 2024,0,3,2,3,2,0,0,0,0,0,0,0,0,0,0,0,0,0,https://www.onthesnow.com/wisconsin/christmas-mountain/ski-resort.html,0,0,Check ticket prices.
Coffee Mill,Box 127,55981 Wabasha,Minnesota,United States,1150,425,725,0,0,0,0,0,2,1,35,1,57,48,December 18 2023,March 13 2024,0.2,2,4,3,2,0,0,300,375,23,23,20,30,37,20,0,0,0,https://www.onthesnow.com/Minnesota/coffee-ll-ski-snowboard-resort/ski-resort.html,0,0,0
Ski Cooper,P.O. Box 896,80461 Leadville,Colorado,United States,11700,1200,10500,0,0,0,0,1,1,3,480,1.4,126,260,December 06 2023,April 14 2024,8,38,44,39,48,14,0.5,10,249,529,10,0,60,80,0,0,60,80,https://www.onthesnow.com/colorado/ski-cooper/ski-resort.html,0,Check terrain information.,0
Cooper Spur,10755 Cooper Spur Road,97041 Mount Hood,Oregon,United States,4000,350,3500,0,0,0,0,0,1,1,50,0.1,78,100,December 17 2023,March 19 2024,0.4,15,10,11,6,0,0,179,229,10,32,39,32,10,32,39,32,0,https://www.onthesnow.com/oregon/cooper-spur/ski-resort.html,0,Check terrain information.,0
Copper Mountain,P.O. Box 3001,80443 Copper Mountain,Colorado,United States,12313,2738,9712,1,4,2,0,4,4,9,364,1.7,153,300,November 13 2023,May 05 2024,26,46,46,43,51,29,0,349,489,749,99,129,124,179,0,0,0,0,https://www.onthesnow.com/colorado/copper-mountain-resort/ski-resort.html,0,0,0
Cranmore Mountain,P.O. Box 1640,03860 North Conway,New Hampshire,United States,2000,1200,600,0,1,0,1,2,1,3,192,1,107,150,November 24 2023,April 07 2024,0.9,21,20,28,14,2,0,689,805,1325,42,54,69,45,0,0,0,0,https://www.onthesnow.com/new-hampshire/cranmore-mountain-resort/ski-resort.html,0,0,0
Crested Butte Mountain,P.O. Box 5700,81225 Mt. Crested Butte,Colorado,United States,12162,3062,9375,0,4,0,2,2,1,5,297,2.6,145,234,November 22 2023,April 07 2024,14,55,50,44,41,5,0,439,859,86,149,125,96,165,139,170,294,246,https://www.onthesnow.com/colorado/crested-butte-mountain-resort/ski-resort.html,0,0,0
Crotched Mountain,615 Francestown Road Route 47,03442 Bennington,New Hampshire,United States,2066,1016,1050,0,1,0,1,1,1,1,100,1.2,105,105,December 08 2023,March 24 2024,0,15,15,23,13,1,0,439,859,10,46,55,46,10,59,69,59,10,https://www.onthesnow.com/new-hampshire/crotched-mountain/ski-resort.html,0,0,0
Crystal Mountain Washington,33914 Crystal Mtn Blvd.,98022 Crystal Mountain,Washington,United States,7012,3100,4400,1,2,2,1,2,2,1,10,2.5,0,486,November 18 2022,May 21 2023,26,108,88,83,62,44,4,389,879,1179,0,69,99,29,0,69,99,29,https://www.onthesnow.com/washington/crystal-mountain-wa/ski-resort.html,0,0,0
Crystal Mountain Michigan,12500 Crystal Mountain Drive,49683 Thompsonville,Michigan,United States,1132,375,757,0,1,0,3,2,0,2,96,0.3,108,132,November 24 2023,April 07 2024,5,33,43,28,12,0.5,0,15,499,599,549,0,79,89,84,0,79,89,https://www.onthesnow.com/Michigan/crystal-mountain/ski-resort.html,0,0,0
Dartmouth Skiway,DCAD Dartmouth College,03755 Hanover,New Hampshire,United States,1943,969,974,0,0,0,1,0,1,2,54,1.1,104,100,December 22 2023,April 02 2024,0,6,17,22,13,0.2,0,0,404,539,404,35,40,50,35,35,40,50,https://www.onthesnow.com/new-hampshire/dartmouth-skiway/ski-resort.html,0,0,0
Ski Mystic at Deer Mountain,PO Box 622,57754 Lead,South Dakota,United States,6850,940,6040,0,0,0,0,1,1,2,50,1.6,69,200,December 13 2025,March 31 2026,0.6,6,6,6,3,0,0,36,45,5,36,45,5,32,39,5,0,0,https://www.onthesnow.com/south-dakota/ski-mystic-at-deer-mountain/ski-resort.html,0,0,0
Deer Valley,P.O. Box 1525,84060 Park City,Utah,United States,9570,3000,6570,1,13,0,0,5,2,0,660,2.8,0,300,November 28 2023,April 21 2024,8,57,68,56,52,14,0,1050,1955,2975,2295,0,0,0,0,0,0,0,https://www.onthesnow.com/utah/deer-valley-resort/ski-resort.html,Check gondola information.,0,0
Devils Head,S-6330 Bluff Road,53561 Merrim,Wisconsin,United States,995,500,495,0,0,0,5,1,1,2,260,1,110,45,November 25 2023,March 13 2024,0.2,11,10,10,5,0,0,0,449,499,449,0,35,45,35,0,55,65,https://www.onthesnow.com/wisconsin/devils-head/ski-resort.html,0,0,0
Diamond Peak,1210 Ski Way,89451 Incline Village,Nevada,United States,8540,1840,6700,0,1,0,2,0,3,1,492,2.1,128,300,December 03 2022,May 01 2023,0.8,44,55,49,56,4,0,234,419,499,439,44,89,109,89,54,104,124,https://www.onthesnow.com/nevada/diamond-peak/ski-resort.html,0,0,0
Discovery,PO Box 221,59711 Anonda,Montana,United States,8150,2380,5770,0,0,0,0,5,2,1,25,1.5,116,225,November 17 2023,April 07 2024,4,24,28,36,36,5,0,249,469,469,0,26,49,38,0,26,49,38,https://www.onthesnow.com/montana/discovery-ski-area/ski-resort.html,0,0,0
Dodge Ridge,P.O. Box 1188,95364 Pinecrest,California,United States,8200,1600,6600,0,0,0,1,3,3,3,862,2,0,350,November 11 2022,May 07 2023,10,52,65,46,68,3,1,199,499,499,399,28,59,78,62,28,59,78,https://www.onthesnow.com/california/dodge-ridge/ski-resort.html,0,Check terrain information.,0
Donner Ski Ranch,P.O. Box 66,95724 Norden,California,United States,8012,750,7031,0,0,0,0,1,5,2,60,1.5,163,400,November 12 2022,May 21 2023,0.5,28,26,28,30,0.5,0,299,449,499,449,59,89,89,89,59,89,89,https://www.onthesnow.com/california/donner-ski-ranch/ski-resort.html,0,0,0
Dry Hill,P.O. Box 202,13601 Watertown,New York,United States,950,300,650,0,0,0,0,0,1,2,26,0.2,0,125,November 24 2023,April 07 2024,0,11,19,22,6,0.1,0,0,335,150,30,35,15,0,0,0,0,0,https://www.onthesnow.com/new-york/dry-hill-ski-area/ski-resort.html,0,0,0
Eagle Point,150 S West Village Circle,84713 Beaver,Utah,United States,10600,1500,9100,0,0,0,1,1,2,1,650,0.9,0,400,December 09 2023,April 02 2024,12,46,47,44,47,3,0,299,449,599,429,0,32,39,32,0,45,65,https://www.onthesnow.com/utah/eagle-point/ski-resort.html,0,Check terrain information.,0
Eagle Rock,1060 Valley of Lakes,18202 Hazelton,Pennsylvania,United States,1810,550,1260,0,0,0,0,0,3,0,14,1,0,0,January 01 2024,March 10 2024,0,2,3,4,0.3,0,0,299,449,599,429,0,0,0,0,0,0,0,https://www.onthesnow.com/pennsylvania/eagle-rock/ski-resort.html,Check gondola information.,Check terrain information.,0
Eaglecrest,155 South Seward St.,99801 Juneau,Alaska,United States,2600,1540,1200,0,0,0,0,0,4,0,60,2,45,350,December 03 2023,April 09 2024,5,47,43,39,34,4,0,224,405,796,686,28,37,47,42,29,43,53,https://www.onthesnow.com/alaska/eaglecrest-ski-area/ski-resort.html,Check gondola information.,0,0
Eldora Mountain,P.O.  Box 1697,80466 Nederland,Colorado,United States,10600,1400,9200,0,0,1,2,1,3,3,680,3,147,311,November 17 2023,April 14 2024,15,42,39,47,40,17,0,329,539,719,19,79,99,79,19,79,99,79,https://www.onthesnow.com/colorado/eldora-mountain-resort/ski-resort.html,0,0,0
Elk Mountain Ski,344 Elk Mountain Road,18470 Union Dale,Pennsylvania,United States,2693,1000,1693,0,0,0,1,0,5,1,146,0.7,0,60,December 15 2023,March 19 2024,0,9,11,10,9,0.1,0,760,825,925,825,42,55,42,50,69,50,0,https://www.onthesnow.com/pennsylvania/elk-mountain-ski-resort/ski-resort.html,0,0,0
Elko SnoBowl,491 5th Street,89801 Elko,Nevada,United States,7000,700,6300,0,0,0,0,0,1,1,2,1,19,24,December 30 2023,April 01 2024,0,0,0,0.2,0,0,0,525,899,675,20,20,0,0,0,0,0,0,https://www.onthesnow.com/nevada/elko-snobowl/ski-resort.html,0,0,0
Elm Creek,12400 James Deane Parkway,55369 Maple Grove,Minnesota,United States,928,60,868,0,0,0,0,0,0,3,20,1,105,45,December 11 2023,March 31 2024,0,2,3,4,1,0,0,0,229,229,7,17,17,7,17,17,0,0,https://www.onthesnow.com/Minnesota/elm-creek/ski-resort.html,0,0,0
Enchanted Forest,P.O. Box 219,87558 Red River,New Mexico,United States,10078,400,9820,0,0,0,0,0,0,0,600,2.5,130,240,December 10 2023,March 31 2024,2,11,16,10,10,0,0,0,18,20,18,0,18,20,18,0,15,18,https://www.onthesnow.com/new-mexico/enchanted-forest-cross-countryski-area/ski-resort.html,Check gondola information.,Check terrain information.,0
Four Lakes,6005 Forest View Rd.,60532 Lisle,Illinois,United States,500,100,400,0,0,0,0,0,0,7,9,0.1,78,24,December 26 2023,April 05 2024,0,0.1,0.7,2,0.4,0,0,325,0,0,0,0,0,0,0,0,0,0,https://www.onthesnow.com/illinois/four-lakes/ski-resort.html,0,0,0
Giants Ridge,P.O. Box 190,55708 Biwabik,Minnesota,United States,1972,500,1472,0,1,0,1,1,2,2,202,0.8,120,85,November 24 2023,April 07 2024,1,15,11,10,4,0.1,0,349,459,369,34,49,39.2,44,62,49.6,0,0,https://www.onthesnow.com/Minnesota/giants-ridge-resort/ski-resort.html,0,0,0
Gore Mountain,P.O. Box 470,12853-0470 North Creek,New York,United States,3600,2537,998,1,2,0,4,3,0,4,350,4.5,146,150,November 18 2023,April 16 2024,5,25,26,31,26,5,0,379,479,969,299,65,85,109,85,65,85,109,https://www.onthesnow.com/new-york/gore-mountain/ski-resort.html,0,0,0
Granby Ranch,P.O. Box 1110,80446 Granby,Colorado,United States,9202,1000,8202,0,2,0,0,1,1,1,170,1.3,116,220,December 09 2023,April 07 2024,0.2,19,25,28,21,0.7,0,159,189,369,259,0,49,84,69,0,49,84,https://www.onthesnow.com/colorado/ski-granby-ranch/ski-resort.html,0,0,0
Grand Geneva,PO Box 130,53147 Lake Geneva,Wisconsin,United States,1086,211,875,0,0,0,0,0,3,3,30,0.2,90,25,December 10 2023,March 12 2024,0,2,4,5,2,0,0,525,23,28,39,49,0,0,0,0,0,0,https://www.onthesnow.com/wisconsin/grand-geneva/ski-resort.html,0,0,0
Grand Targhee,3300 E. Ski Hill Road,83414 Alta,Wyoming,United States,9920,2270,7851,0,2,1,2,0,0,1,2602,2.7,152,500,November 18 2022,April 16 2023,34,82,80,81,67,35,0,359,499,1049,629,0,46,103,77,0,46,103,https://www.onthesnow.com/Wyoming/grand-targhee-resort/ski-resort.html,0,Check terrain information.,0
Granite Peak,P.O. Box 5010,54402-5010 Wausau,Wisconsin,United States,1942,700,1242,0,2,1,0,2,0,2,140,0.9,136,75,November 25 2023,April 14 2024,5,15,10,12,5,3,0,799,85,95,95,95,105,105,0,0,0,0,https://www.onthesnow.com/wisconsin/granite-peak-ski-area/ski-resort.html,0,0,0
Great Divide,P.O. Box SKI,59640 Marysville,Montana,United States,7330,1580,5750,0,0,0,0,0,5,1,150,3,94,180,December 09 2023,April 28 2024,6,22,20,31,24,4,0,270,600,270,20,40,48,20,20,40,48,20,https://www.onthesnow.com/montana/great-divide/ski-resort.html,0,0,0
Greek Peak,2000 NYS Route 392,13045 Cortland,New York,United States,2100,952,1148,0,0,0,1,2,3,2,184,1.5,110,122,November 25 2023,April 03 2024,0.6,16,19,28,14,0.6,0,625,655,655,80,94,94,80,94,94,75,89,https://www.onthesnow.com/new-york/greek-peak/ski-resort.html,0,0,0
Gunstock,PO Box 1307,03247-1307 Lonia,New Hampshire,United States,2300,1400,900,0,2,0,2,2,0,2,176,1.5,106,120,December 16 2023,April 07 2024,0,21,24,32,20,2,0,49,449,749,449,0,60,84,60,0,72,96,https://www.onthesnow.com/new-hampshire/gunstock/ski-resort.html,0,0,0
Heavenly Mountain,PO Box 2180,96150 Stateline,California,United States,10067,3500,7170,2,6,2,1,5,3,8,3379,5.5,155,360,November 12 2022,May 07 2023,15,70,64,68,52,14,3,271,437,545,104,155,189,155,124,185,225,185,https://www.onthesnow.com/california/heavenly-mountain-resort/ski-resort.html,0,0,0
Hidden Valley,17409 Hidden Valley Drive,63025 Eureka,Missouri,United States,2566,310,2316,0,0,0,2,2,0,3,30,0.1,0,26,December 30 2023,March 03 2024,0,0.3,5,4,0.6,0,0,439,859,10,30,49,10,10,30,49,10,0,https://www.onthesnow.com/ssouri/hidden-valley-ski-area/ski-resort.html,0,0,0
Hilltop,7015 Abbott Road,99507 Anchorage,Alaska,United States,2090,294,1796,0,0,0,0,1,0,2,30,1,150,69,December 01 2023,April 01 2024,0.7,3,3,0.7,0.5,0,0,435,585,610,435,22,28,30,22,32,34,22,https://www.onthesnow.com/alaska/hilltop-ski-area/ski-resort.html,0,0,0
Hogadon,1800 East K St.,82601-1553 Casper,Wyoming,United States,8000,640,7400,0,0,0,0,0,1,1,32,0.6,87,137,December 09 2023,April 07 2024,0,22,26,29,35,8,0,350,400,450,450,37,47,55,47,37,47,55,https://www.onthesnow.com/Wyoming/hogadon/ski-resort.html,0,0,0
Holiday Mountain,99 Holiday Mountain Road,12701 Monticello,New York,United States,1550,400,1150,0,0,0,1,0,1,2,37,0.4,75,50,December 26 2023,April 02 2024,0,0.6,4,7,0.1,0,0,305,305,305,305,27,27,27,27,42,42,42,https://www.onthesnow.com/new-york/holiday-mountain/ski-resort.html,0,0,0
Holiday Valley,P.O. Box 370,14731-0370 Ellicotville,New York,United States,2250,750,1500,0,4,0,7,0,0,2,266,1,116,180,November 25 2023,April 06 2024,7,37,46,43,27,2,0,0,849,1149,1149,0,64,80,64,0,75,97,https://www.onthesnow.com/new-york/holiday-valley/ski-resort.html,0,0,0
Holimont,P.O. Box 279,14731 Ellicottville,New York,United States,2260,700,1560,0,1,0,1,2,1,2,135,1.5,117,180,December 16 2023,April 07 2024,0,19,37,30,17,1,0,299,0,53,65,53,0,63,79,63,0,0,https://www.onthesnow.com/new-york/holimont-ski-area/ski-resort.html,0,0,0
Hoodoo,Highway 20 PO Box 20,97759 Sisters,Oregon,United States,5703,1035,4668,0,0,0,3,1,1,1,806,0.4,80,350,December 17 2022,April 23 2023,3,18,34,31,26,7,0,249,459,599,459,0,33,56,33,0,33,56,https://www.onthesnow.com/oregon/hoodoo-ski-area/ski-resort.html,0,Check terrain information.,0
Howelsen Hill,P.O. Box 775088,80477 Steamboat,Colorado,United States,7136,440,6696,0,0,0,0,0,1,3,25,6,100,150,November 26 2023,March 24 2024,2,35,29,20,7,0,0,0,184,231,161,8,15,25,15,8,15,25,https://www.onthesnow.com/colorado/howelsen-hill/ski-resort.html,0,0,0
Hunt Hollow,7532 County Road 36,14512 Naples,New York,United States,2030,825,1000,0,0,0,0,1,1,1,400,1,0,130,December 26 2023,March 25 2024,0,0.8,8,10,4,0,0,38,48,38,48,58,48,33,43,33,0,0,https://www.onthesnow.com/new-york/hunt-hollow-ski-club/ski-resort.html,0,0,0
Hunter Mountain,P.O. Box 295,12442 Hunter,New York,United States,3200,1600,1600,0,0,2,2,2,2,4,320,2,140,120,November 18 2023,April 07 2024,0.9,18,15,21,20,1,0,439,859,10,31,79,61,10,68,89,68,0,https://www.onthesnow.com/new-york/hunter-mountain/ski-resort.html,0,0,0
Hyland Ski Snowboard Area,8800 Chalet Road,55438 Bloongton,Minnesota,United States,1075,175,900,0,0,0,2,1,0,4,35,1,110,55,November 21 2023,March 24 2024,1,4,4,5,2,0,0,349,449,149,31.62,35.34,18.6,31.62,35.34,18.6,28.83,32.55,https://www.onthesnow.com/Minnesota/hyland-ski-snowboard-area/ski-resort.html,0,0,0
Jay Peak,4850 VT Rte 242,05859-9621 Jay,Vermont,United States,3968,2153,1815,1,1,0,3,1,1,2,300,3,155,349,November 25 2023,April 28 2024,14,61,69,73,65,20,0,555,639,895,659,25,69,89,65,25,69,89,https://www.onthesnow.com/vermont/jay-peak/ski-resort.html,0,0,0
Jiminy Peak,37 Corey Rd.,01237 Hancock,Masshusetts,United States,2380,1150,1230,0,0,1,2,3,1,2,163,2,121,90,November 24 2023,April 07 2024,3,17,17,24,16,0.1,0,654,903,1042,84,84,99,84,94,94,109,94,https://www.onthesnow.com/masshusetts/jiny-peak/ski-resort.html,0,0,0
Jack Frost,PO Box 1539,18610-0707 Blakeslee,Pennsylvania,United States,2000,600,1400,0,0,0,1,2,5,1,100,1,96,50,December 02 2023,April 02 2024,0,5,7,12,10,0,0,439,859,10,35,50,35,10,49,65,49,0,https://www.onthesnow.com/pennsylvania/jk-frost/ski-resort.html,0,0,0
Snowriver Mountain Resort,500 Indianhead Road,49968 Wakefield,Michigan,United States,1935,638,1297,0,0,0,1,1,5,2,150,1,120,204,December 15 2023,April 07 2024,13,30,31,33,18,3,0,159,289,429,389,20,39,49,39,20,39,49,https://www.onthesnow.com/Michigan/indianhead-mountain/ski-resort.html,0,0,0
Jackson Hole,P.O. Box 290,83025 Teton Village,Wyoming,United States,10450,4139,6311,3,4,0,3,0,1,2,210,4.5,136,459,November 25 2023,April 14 2024,24,108,100,110,71,15,0,129,194,215,172,129,194,215,172,94,140,172,https://www.onthesnow.com/Wyoming/Jackson-hole/ski-resort.html,0,0,0
June Mountain,P.O. Box 146,93529 June Lake,California,United States,10090,2590,7545,0,2,0,0,0,4,1,1500,2,111,250,December 10 2023,April 07 2024,3,27,75,56,52,4,0,519,619,0,0,0,0,0,0,0,0,0,https://www.onthesnow.com/california/june-mountain/ski-resort.html,0,Check terrain information.,0
Kelly Canyon,Box 367,83443 Ririe,Idaho,United States,6600,1000,5600,0,0,0,0,0,4,2,740,1.3,0,200,December 19 2023,April 07 2024,0.2,25,31,19,6,0,0,599,649,649,599,0,33,42,33,0,27,33,https://www.onthesnow.com/idaho/kelly-canyon-ski-area/ski-resort.html,0,Check terrain information.,0
Keystone,P.O. Box 38,80435 Keystone,Colorado,United States,12408,3128,9280,2,4,2,1,1,2,8,662,3.5,151,235,November 04 2023,April 14 2024,29,43,42,37,49,15,0,236,345,113,195,185,131,225,215,226,390,370,https://www.onthesnow.com/colorado/keystone/ski-resort.html,0,0,0
Killington,4763 Killington Road,05751 Killington,Vermont,United States,4241,3050,1165,3,5,1,4,3,1,5,600,6,205,250,November 17 2022,May 28 2023,16,37,37,43,31,9,0.2,769,809,1289,809,92,119,101,92,119,101,82,https://www.onthesnow.com/vermont/killington-resort/ski-resort.html,0,0,0
King Pine,1251 Eaton Rd,03849 East Madison,New Hampshire,United States,850,350,500,0,0,0,0,3,0,2,45,0.3,105,120,December 16 2023,March 24 2024,1,12,19,28,15,0,0,399,479,579,399,32,42,32,40,59,40,30,https://www.onthesnow.com/new-hampshire/king-pine/ski-resort.html,0,0,0
Kirkwood,PO Box 1,95646 Kirkwood,California,United States,9800,2000,7800,0,2,0,2,5,1,3,200,2.5,200,354,November 12 2022,May 14 2023,22,79,85,81,79,25,1,271,429,545,437,0,0,0,0,0,0,0,https://www.onthesnow.com/california/kirkwood/ski-resort.html,0,0,0
Kissing Bridge,P.O. Box 73,14069 Glenwood,New York,United States,1700,550,1150,0,0,0,2,1,4,3,550,0.5,103,120,December 26 2023,March 26 2024,1,23,48,45,18,0,0,150,550,775,625,40,45,55.55,65,0,0,0,https://www.onthesnow.com/new-york/kissing-bridge/ski-resort.html,0,0,0
Labrador Mt.,Route 91 PO Box 105,13158 Truxton,New York,United States,1825,700,1125,0,0,0,0,1,2,1,237,1,0,125,December 17 2023,March 25 2024,0,12,23,33,16,0,0,529,299,15,49,59,54,15,49,59,54,0,https://www.onthesnow.com/new-york/labrador-mt/ski-resort.html,0,0,0
Lee Canyon,7501 Tule Springs Rd. #110,89124 Las Vegas,NV 89131,United States,11289,860,8510,0,0,0,2,1,0,0,50,0.3,144,161,December 09 2023,April 07 2024,0.1,15,32,23,19,0.8,0,49,289,559,69,79,79,69,79,79,59,69,https://www.onthesnow.com/nevada/las-vegas-ski-and-snowboard-resort/ski-resort.html,Check gondola information.,0,0
Liberty,78 Country Club Trail,17320-0703 Carroll Valley,Pennsylvania,United States,1190,620,570,0,0,0,5,0,0,3,100,1,0,31,December 26 2023,March 17 2024,0.1,2,8,8,6,0,0,0,0,0,0,0,0,0,0,0,0,0,https://www.onthesnow.com/pennsylvania/liberty/ski-resort.html,0,0,Check ticket prices.
Little Switzerland,105 Cedar Creek Rd,53086 Slinger,Wisconsin,United States,1269,200,1069,0,0,0,0,0,4,5,50,1,0,0,November 26 2023,March 17 2024,2,12,13,12,5,0,0,0,549,549,0,23,33,23,0,29,41,29,https://www.onthesnow.com/wisconsin/little-switzerland/ski-resort.html,0,0,0
Lookout Pass,P.O. Box 108,83846 Walle,ID 83873,United States,6150,1650,4500,0,0,0,2,2,1,0,1023,2.5,128,430,November 11 2023,April 14 2024,28,113,84,88,55,16,0,35,329,399,329,0,45,55,45,0,5200,66,https://www.onthesnow.com/idaho/lookout-pass-ski-area/ski-resort.html,Check gondola information.,Check terrain information.,0
Loon Mountain,60 Loon Mountain Rd.,03251 Lincoln,New Hampshire,United States,3050,2100,950,1,3,0,1,0,2,2,322,2.5,149,160,November 22 2023,April 14 2024,7,31,30,36,24,8,0,30,829,1329,989,0,0,0,0,0,0,0,https://www.onthesnow.com/new-hampshire/loon-mountain/ski-resort.html,0,0,0
Lost Trail Powder Mountain,P.O. Box 311,59827 Conner,Montana,United States,8200,1800,6400,0,0,0,0,0,5,3,1800,2.5,84,325,December 01 2023,April 02 2024,1,48,41,49,27,1,0,474,574,499,0,48,58,50,0,48,58,50,https://www.onthesnow.com/montana/lost-trail-powder-mtn/ski-resort.html,0,Check terrain information.,0
Lost Valley,Box 260,04212-0260 Auburn,Maine,United States,495,240,255,0,0,0,0,0,2,2,45,0.3,87,50,December 18 2023,April 02 2024,0,5,14,17,8,2,0,60,545,645,10,39,39,35,10,55,66,35,https://www.onthesnow.com/maine/lost-valley/ski-resort.html,0,0,0
Loveland,PO Box 899,80444 Georgetown,Colorado,United States,13010,2210,10800,0,1,0,3,3,2,1,240,2,205,422,November 03 2022,May 07 2023,42,60,58,50,55,53,8,0,35,89,65,0,35,89,65,0,0,0,https://www.onthesnow.com/colorado/loveland/ski-resort.html,0,0,0
Lutsen Mountains, P.O. Box 129,55612 Lutsen,Minnesota,United States,1688,825,800,1,0,1,0,1,4,1,231,2,135,120,November 19 2022,April 30 2023,6,33,19,22,12,7,0,49,899,899,0,0,90,95,0,0,80,105,https://www.onthesnow.com/Minnesota/lutsen-mountains/ski-resort.html,0,0,0
Mad River Mountain,P.O. Box 22,43311 Bellefontaine,Ohio,United States,1460,300,1160,0,0,0,1,2,3,6,144,0.5,99,36,December 16 2023,March 24 2024,0,5,10,8,2,0,0,244,305,95,11,29,39,11,11,34,44,11,https://www.onthesnow.com/ohio/mad-river-mountain/ski-resort.html,0,0,0
Mad River Glen,P.O. Box 1089,05673 Waitsfield,Vermont,United States,3637,2037,1600,0,0,0,0,0,3,2,16,1,134,228,December 10 2023,April 16 2024,0.7,12,26,30,28,4,0,0,259,999,599,0,0,0,0,0,0,0,https://www.onthesnow.com/vermont/mad-river-glen/ski-resort.html,0,0,0
Magic Mountain Vermont,P.O. Box 396,05148 Londonderry,Vermont,United States,2850,1500,1350,0,0,0,0,0,2,2,95,1.6,76,150,December 22 2023,April 07 2024,4,20,24,30,27,0.6,0,549,579,849,549,0,69,89,69,0,69,89,https://www.onthesnow.com/vermont/magic-mountain/ski-resort.html,0,0,0
Magic Mountain Idaho,319 Orchard Dr.,83301 Twin Falls,Idaho,United States,7200,700,6500,0,0,0,0,0,1,2,280,1.5,0,180,December 16 2023,March 24 2024,0,11,27,25,10,0,0,145,280,330,149,0,24,32,25,0,24,32,https://www.onthesnow.com/idaho/magic-mountain-ski-area/ski-resort.html,0,Check terrain information.,0
Mammoth Mountain,P.O. Box 24,93546 Mammoth Lakes,California,United States,11053,3100,7953,3,9,2,1,6,4,0,700,3,260,400,November 05 2022,July 30 2023,31,75,74,65,63,25,9,389,879,1179,67,122,149,122,81,147,179,147,https://www.onthesnow.com/california/mammoth-mountain-ski-area/ski-resort.html,Check gondola information.,0,0
Maple Ski Ridge,2725 Mariaville Road,12306 Schenectady,New York,United States,1200,450,750,0,0,0,0,1,1,2,25,0.3,0,0,December 25 2023,March 26 2024,0,5,6,11,5,0,0,10,349,179,0,24,26,0,0,36,38,0,https://www.onthesnow.com/new-york/maple-ski-ridge/ski-resort.html,0,0,0
Marquette Mountain,4501 M-553,49855 Marquette,Michigan,United States,1357,600,757,0,0,0,0,1,2,1,143,0.7,122,210,December 16 2023,April 07 2024,0.1,4,12,7,7,1,0,0,0,0,0,0,0,0,0,0,0,0,https://www.onthesnow.com/Michigan/marquette-mountain/ski-resort.html,0,0,Check ticket prices.
Massanutten,PO Box 1227,22840 Harrisonburg,Virginia,United States,2925,1110,1750,0,0,0,3,1,0,3,82,0.9,98,35,November 24 2023,March 17 2024,0.1,0.4,6,5,6,0,0,515,606,47,47,55,47,69,69,79,69,37,https://www.onthesnow.com/virginia/massanutten/ski-resort.html,0,0,0
Maverick Mountain,Box 475 Maverick Mountain Road,59746 Polaris,Montana,United States,8520,2020,6500,0,0,0,0,0,1,1,450,1.3,0,160,December 10 2023,March 31 2024,0.5,15,24,28,16,0.6,0,300,450,350,25,39,32,25,39,32,20,32,https://www.onthesnow.com/montana/maverick-mountain/ski-resort.html,0,Check terrain information.,0
McCauley Mountain Ski Center,Town of Webb,13420 Old Forge,New York,United States,2250,633,1563,0,0,0,0,0,1,4,55,0.3,105,200,December 17 2023,April 09 2023,0,16,34,37,23,0.7,0,199,235,305,149,0,15,20,20,0,25,30,https://www.onthesnow.com/new-york/mccauley-mountain-ski-center/ski-resort.html,0,0,0
Meadowlark,426 Forest Service Road Highway 16,82442 Tensleep,Wyoming,United States,9500,1000,8500,0,0,0,0,1,1,0,300,1.5,0,0,December 10 2023,April 01 2024,0.8,10,13,16,8,0.7,0,350,400,485,42,52,62,42,52,62,0,0,https://www.onthesnow.com/Wyoming/meadowlark-ski-lodge/ski-resort.html,Check gondola information.,Check terrain information.,0
Mohawk Mountain,PO Box 27,06753 Cornwall,Connecticut,United States,1600,650,950,0,0,0,0,5,0,3,100,1.5,0,92,November 26 2023,March 26 2024,0.2,6,6,10,7,0,0,599,699,699,599,15,32,32,32,15,59,67,https://www.onthesnow.com/connecticut/mohawk-mountain/ski-resort.html,0,0,0
Monarch Mountain,#1 Powder Ple,81227 Monarch,Colorado,United States,11952,1162,10790,0,0,0,1,0,4,2,800,1,136,350,December 01 2023,April 14 2024,15,56,54,55,42,14,0,269,389,539,409,48,64,94,64,48,64,94,https://www.onthesnow.com/colorado/monarch-mountain/ski-resort.html,0,Check terrain information.,0
Mont Ripley,1400 Townsend Drive,49930 Houghton,Michigan,United States,1140,440,700,0,0,0,0,0,2,2,112,0.8,114,275,December 11 2023,March 26 2024,0.8,19,22,26,5,0.8,0,430,44,49,44,49,37,42,75,84,0,0,https://www.onthesnow.com/Michigan/mont-ripley/ski-resort.html,0,0,0
Sno Mountain,1000 Montage Mountain Rd,PA 18507 Scranton,Pennsylvania,United States,1960,1000,960,0,0,0,1,3,1,2,140,1.2,60,47,December 16 2023,April 01 2024,0.1,4,12,15,10,0,0,549,54,67,5,0,0,0,0,0,0,0,https://www.onthesnow.com/pennsylvania/montage-mountain/ski-resort.html,0,0,0
Montana Snowbowl,P.O. Box 8107,59807 ssoula,Montana,United States,7600,2600,5000,0,0,0,0,1,2,2,20,1.2,0,300,December 09 2023,April 16 2024,0.1,23,38,42,26,5,0,299,709,779,709,24,50,47,24,50,47,24,https://www.onthesnow.com/montana/montana-snowbowl/ski-resort.html,0,0,0
Mount Holly,13536 South Dixie Highway,48442 Holly,Michigan,United States,1105,350,755,0,1,0,2,3,1,6,100,0.1,0,42,November 22 2023,March 17 2024,0.3,8,8,15,7,0,0,0,626,800,728,37,45,0,0,0,0,0,https://www.onthesnow.com/Michigan/mount-holly/ski-resort.html,0,0,0
Mount Kato,20461 Hwy 66,56001 Mankato,Minnesota,United States,540,240,300,0,0,0,5,0,3,2,55,1,115,50,December 17 2023,March 26 2024,2,13,15,18,5,0,0,339,399,339,0,28,34,28,0,36,46,36,https://www.onthesnow.com/Minnesota/mount-kato-ski-area/ski-resort.html,0,0,0
Mt. Peter,Rte 17A & Old Mt Peter Rd,10990 Warwick,New York,United States,1250,450,750,0,0,0,1,0,2,4,69,1,100,50,December 17 2023,March 26 2024,0,0.9,5,9,9,0,0,519,549,30,35,49,54,45,50,0,0,0,https://www.onthesnow.com/new-york/mount-peter-ski-area/ski-resort.html,0,0,0
Mount Pleasant, 23301 Plank Rd ,16403  Venango,Pa 16440,United States,1540,340,1200,0,0,0,0,1,0,1,35,0.5,75,100,December 23 2023,March 12 2024,0,4,28,25,4,0,0,350,0,28,30,0,0,30,33,0,0,0,https://www.onthesnow.com/pennsylvania/mount-pleasant-of-edinboro/ski-resort.html,0,0,0
Mt. Snow,39 Mount Snow Road,05356 West Dover,Vermont,United States,3600,1700,1900,0,3,1,1,6,4,4,480,3,135,156,November 11 2022,April 23 2023,7,31,28,39,29,5,0,439,859,0,0,0,0,0,0,0,0,0,https://www.onthesnow.com/vermont/mount-snow/ski-resort.html,0,0,0
Mt. Southington,P.O. Box 347,06489 Southington,Connecticut,United States,525,425,100,0,0,0,0,2,2,3,51,0.8,63,80,December 16 2023,March 17 2024,0,6,11,19,8,0,0,225,675,725,675,15,50,60,50,15,50,60,https://www.onthesnow.com/connecticut/mount-southington-ski-area/ski-resort.html,0,0,0
Mt. Sunapee,P.O. Box 2021 Route 103,03255-1856 Newbury,New Hampshire,United States,2743,1510,1233,0,2,0,1,2,1,3,215,0.8,130,100,November 23 2023,April 07 2024,1,23,21,30,18,3,0,439,859,0,0,0,0,0,0,0,0,0,https://www.onthesnow.com/new-hampshire/mount-sunapee/ski-resort.html,0,0,0
Mountain Creek,200 Route 94,07462 Vernon,New Jersey,United States,1480,1040,440,1,2,0,2,1,1,2,167,2,90,65,December 18 2023,March 25 2024,0,6,8,15,11,0,0,599,599,599,0,99.99,99.99,99.99,0,99.99,99.99,99.99,https://www.onthesnow.com/new-jersey/mountain-creek-resort/ski-resort.html,0,0,0
Mountain High,P.O. Box 3010,92397 Wrightwood,California,United States,8200,1600,6600,0,2,0,2,2,5,3,275,1.6,118,108,November 19 2022,May 01 2023,4,19,20,13,13,0,0,0,449,899,0,0,49,84,0,0,49,84,https://www.onthesnow.com/california/mountain-high/ski-resort.html,0,0,0
Mt. Abram Ski,Howe Hill Road,04255 Greenwood,Maine,United States,2250,1150,1050,0,0,0,0,0,2,3,175,0.5,120,125,December 16 2023,March 24 2024,0,14,14,19,10,0.6,0,429,569,429,29,29,29,39,49,39,0,0,https://www.onthesnow.com/maine/mt-abram-ski-resort/ski-resort.html,0,0,0
Mt. Ashland,P.O. Box 220,97520-0008 Ashland,Oregon,United States,7533,1150,6383,0,0,0,0,2,2,1,240,1,94,270,December 10 2022,April 23 2023,6,25,33,29,26,3,0,299,549,599,0,52,62,0,0,59,69,0,https://www.onthesnow.com/oregon/mount-ashland/ski-resort.html,0,Check terrain information.,0
Mt. Baker,1420 Iowa St.,98229 Bellingham,Washington,United States,5000,1500,3500,0,0,0,8,0,0,2,1000,0.7,143,663,November 16 2023,April 21 2024,46,131,104,103,92,34,0,264.5,350.75,954,569.25,37.04,54.63,87.04,73.15,37.04,54.63,87.04,https://www.onthesnow.com/washington/mt-baker/ski-resort.html,0,Check terrain information.,0
Mt. Baldy,P.O. Box 459,91759 Mt. Baldy,California,United States,8600,2100,6500,0,0,0,0,0,4,0,80,2.5,175,178,November 25 2022,May 29 2023,0,5,11,12,8,0,0,39,49,69,39,39,49,69,39,0,0,0,https://www.onthesnow.com/california/mt-baldy/ski-resort.html,Check gondola information.,0,0
Mt. Bachelor,P.O. Box 1000,97702 Bend,Oregon,United States,9065,3365,5700,0,8,0,1,3,0,3,20,4,185,462,November 25 2022,May 28 2023,22,103,78,84,68,40,9,279,439,1249,799,62,88,109,88,62,88,109,https://www.onthesnow.com/oregon/mt-bhelor/ski-resort.html,0,0,0
Mt. Bohemia,L La Belle,53066 Michigan,Michigan,United States,1500,900,600,0,0,0,0,1,1,0,620,2.3,83,273,December 27 2023,April 07 2024,0,9,35,38,17,6,0,109,68,68,68,68,68,68,68,68,0,0,https://www.onthesnow.com/Michigan/mount-bohea/ski-resort.html,Check gondola information.,Check terrain information.,0
Mt. Brighton,4141 Bauer Road,48116 Brighton,Michigan,United States,1330,230,1100,0,0,0,2,3,0,7,130,0.1,111,60,December 09 2023,March 10 2024,0.6,7,12,14,6,0,0,439,859,60,94,65,60,94,65,0,75,0,https://www.onthesnow.com/Michigan/mount-brighton/ski-resort.html,0,0,0
Mt. Crescent,P.O. Box 69,51526 Crescent,Iowa,United States,1500,300,1200,0,0,0,1,0,1,0,50,0.2,0,30,December 20 2023,March 10 2024,0,0.8,0.8,0.6,0.2,0,0,299,299,299,5,24,29,24,5,34,39,34,https://www.onthesnow.com/iowa/mt-crescent-ski-area/ski-resort.html,Check gondola information.,0,0
Mt. Holiday,3100 Holiday Road,49684 Traverse City,Michigan,United States,440,200,240,0,0,0,0,0,2,2,45,0.1,100,120,December 28 2023,March 17 2024,0,2,7,5,0.2,0,0,0,269,269,0,0,20,22,0,0,28,34,https://www.onthesnow.com/Michigan/mount-holiday-ski-area/ski-resort.html,0,0,0
Mt. Hood Meadows,P.O. Box 470,97041 Mt. Hood,Oregon,United States,7300,2777,4523,0,6,0,0,0,5,1,2150,3,150,430,November 29 2023,April 28 2024,17,87,65,82,58,38,2,259,379,499,389,0,0,0,0,0,0,0,https://www.onthesnow.com/oregon/mt-hood-meadows/ski-resort.html,0,Check terrain information.,0
Mt. Hood Skibowl,PO Box 280,97028 Government Camp,Oregon,United States,5100,1500,3600,0,0,0,0,0,4,6,29,3,125,300,December 02 2023,April 28 2024,3,29,41,50,36,12,0,274,381,499,274,0,41,70,40,0,41,70,https://www.onthesnow.com/oregon/mt-hood-ski-bowl/ski-resort.html,0,0,0
Mt. Jefferson,P. O. Box 35,04455 Lee,Maine,United States,753,432,351,0,0,0,0,0,0,3,12,0.3,0,0,December 21 2023,March 08 2024,0,0,0.2,0.4,0.5,0,0,0,0,0,0,0,0,0,0,0,0,0,https://www.onthesnow.com/maine/mt-jefferson/ski-resort.html,0,Check terrain information.,Check ticket prices.
Mt. La Crosse,P.O. Box 9,54602 La Crosse,Wisconsin,United States,1110,516,594,0,0,0,0,0,3,1,100,0.4,115,40,December 23 2023,March 13 2024,0,6,8,7,3,0,0,535,53,56,53,56,27,29,100,107,0,0,https://www.onthesnow.com/wisconsin/mount-la-crosse/ski-resort.html,0,0,0
Mt. Rose Ski Tahoe,22222 Mt. Rose Hwy.,89511-8705 Reno,Nevada,United States,9700,1800,8260,0,0,2,2,2,0,2,330,2.5,152,350,November 10 2023,April 28 2024,21,73,59,52,59,12,2,375,795,135,135,0,0,0,0,0,0,0,https://www.onthesnow.com/nevada/mt-rose-ski-tahoe/ski-resort.html,0,0,0
Mt. Shasta,PO Box 1180,96067 Mount Shasta,California,United States,6890,1435,5500,0,0,0,1,3,0,2,225,1.1,140,300,December 10 2022,April 10 2023,0.8,28,55,35,41,5,0,449,549,699,499,16,33,49,33,20,40,59,https://www.onthesnow.com/california/mount-shasta-board-ski-park/ski-resort.html,0,0,0
Mt. Spokane,29500 North Mt. Spokane Park Dr.,99021 Mead,Washington,United States,5889,2000,4200,0,0,0,0,1,5,2,1704,0.6,100,300,December 03 2023,April 09 2024,5,40,44,31,18,3,0,629,799,629,0,38,45,38,0,49,59,49,https://www.onthesnow.com/washington/mt-spokane-ski-and-snowboard-park/ski-resort.html,0,Check terrain information.,0
Mulligan's Hollow,Box 969,49417 Grand Haven,Michigan,United States,700,130,570,0,0,0,0,0,0,5,10,0.2,0,60,December 26 2023,March 17 2024,0,1,3,3,0.1,0,0,240,240,240,240,15,20,0,0,0,0,0,https://www.onthesnow.com/Michigan/mulligans-hollow-ski-bowl/ski-resort.html,0,0,0
Nashoba Valley,PO Box 309,01886 Westford,Masshusetts,United States,440,240,200,0,0,0,0,3,1,6,52,0.5,112,55,December 18 2023,March 20 2024,0,7,13,18,6,0,0,0,0,0,0,0,0,0,0,0,0,0,https://www.onthesnow.com/masshusetts/nashoba-valley/ski-resort.html,0,0,Check ticket prices.
New Hermon Mountain,RR1 Box 3347,4981 Stockton Springs,Maine,United States,450,350,100,0,0,0,0,0,1,2,70,1.9,102,90,December 30 2023,March 26 2024,0,4,12,18,5,0,0,230,250,350,27,32,27,32,22,27,0,0,https://www.onthesnow.com/maine/new-hermon-mountain/ski-resort.html,0,0,0
Nordic Mountain,W5806 Cty Rd W,54984 Wild Rose,Wisconsin,United States,1137,265,872,0,0,0,0,1,1,5,60,1,95,60,November 25 2023,April 02 2024,1,13,12,11,4,0,0,479,499,499,479,0,26,39,26,0,0,0,https://www.onthesnow.com/wisconsin/nordic-mountain/ski-resort.html,0,0,0
Nordic Valley,3567 Nordic Valley Way,84310 Eden,Utah,United States,6400,960,5440,0,0,1,0,0,3,1,300,0.4,105,300,December 09 2023,April 07 2024,0.6,28,40,31,16,3,0,525,625,899,675,30,45,35,35,50,40,0,https://www.onthesnow.com/utah/wolf-creek/ski-resort.html,0,Check terrain information.,0
Northstar California,PO Box 129,96160 Truckee,California,United States,8610,2280,6330,2,7,1,1,2,0,7,1500,1.4,135,350,November 26 2023,April 28 2024,23,83,81,76,73,14,0,439,859,163,116,199,163,91,126,154,126,326,https://www.onthesnow.com/california/northstar-california/ski-resort.html,0,0,0
Norway Mountain,P.O. Box 95,49870 Norway,Michigan,United States,1335,500,835,0,0,0,0,1,2,3,186,1.4,110,100,December 16 2023,April 21 2024,0,3,4,1,0.8,0,0,25,37,45,37,0,0,0,0,0,0,0,https://www.onthesnow.com/Michigan/norway-mountain/ski-resort.html,0,0,0
Nubs Nob,500 Nub's Nob Road,49740 Harbor Springs,Michigan,United States,1338,427,911,0,0,0,3,4,2,1,248,0.9,133,135,November 24 2023,April 07 2024,4,27,33,23,13,1,0,300,450,700,600,50,60,65,60,63,73,85,https://www.onthesnow.com/Michigan/nubs-nob-ski-area/ski-resort.html,0,0,0
Oak Mountain,141 Novosel Way,12164 Speculator,NY,United States,2400,650,1750,0,0,0,1,0,0,3,18,1.2,0,120,December 17 2023,March 25 2024,0,12,15,17,12,0,0,315,415,315,0,29,40,29,0,29,40,29,https://www.onthesnow.com/new-york/oak-mountain/ski-resort.html,0,0,0
Ober Gatlinburg Ski,1001 Parkway,37738 Gatlinburg,Tennessee,United States,3300,600,2700,0,0,0,2,0,1,1,10,1,83,35,November 25 2023,March 31 2024,0.2,1,8,7,1,0,0,69,299,399,299,0,30,36,30,0,55,65,https://www.onthesnow.com/tennessee/ober-gatlinburg-ski-resort/ski-resort.html,0,Check terrain information.,0
Okemo Mountain,77 Okemo Ridge Road,O5149 Ludlow,Vermont,United States,3344,2200,1144,0,4,1,5,3,0,7,654,3.4,150,200,November 18 2023,April 14 2024,7,28,25,32,25,4,0,393,297,0,0,0,0,0,0,0,0,0,https://www.onthesnow.com/vermont/okemo-mountain-resort/ski-resort.html,0,0,0
Omni Homestead,PO Box 2000,24445 Hot Springs,Virginia,United States,3200,700,2500,0,0,0,0,0,1,1,100,0.5,91,50,December 26 2023,March 03 2024,0,0.5,4,5,1,0,0,169,199,49,59,0,0,0,0,0,0,0,https://www.onthesnow.com/virginia/the-homestead-ski-area/ski-resort.html,0,0,0
Otis Ridge,159 Monterey Road - Route 23,MA 01253 Otis,Masshusetts,United States,1700,400,1300,0,0,0,0,0,1,3,55,1,106,70,December 17 2023,March 26 2024,0,2,7,9,7,0,0,109,289,289,15,20,20,0,15,35,40,0,https://www.onthesnow.com/masshusetts/otis-ridge-ski-area/ski-resort.html,0,0,0
Pajarito Mountain,P.O. Box 155,87544 Los Alamos,New Mexico,United States,10441,1410,9031,0,0,0,1,1,3,1,35,0.6,89,163,December 09 2023,April 07 2024,1,17,18,20,12,0,0,0,525,899,675,0,45,59,45,0,45,59,https://www.onthesnow.com/new-mexico/pajarito-mountain-ski-area/ski-resort.html,0,0,0
Palisades Tahoe,PO Box 2007,96146 Olympic Valley,California,United States,9050,2850,6200,3,6,4,1,12,5,5,1000,3.2,212,450,November 18 2022,July 04 2023,32,84,86,84,83,31,6,389,879,1179,149,134,149,134,160,206,229,206,https://www.onthesnow.com/california/squaw-valley-usa/ski-resort.html,0,0,0
Paoli Peaks,P.O. Box 67,47454 Paoli,Indiana,United States,900,300,600,0,1,0,1,3,1,2,65,0.4,75,18,December 23 2023,March 17 2024,0,2,13,8,1,0,0,439,859,0,36,38,36,0,38,45,38,0,https://www.onthesnow.com/indiana/paoli-peaks/ski-resort.html,0,0,0
Park City Mountain,P.O. Box 39,84060 Park City,Utah,United States,10026,3226,6800,4,7,6,9,8,4,6,500,3.5,142,355,November 15 2023,April 28 2024,20,64,63,57,56,16,0,439,859,148,215,148,153,239,165,276,430,846,https://www.onthesnow.com/utah/park-city-mountain-resort/ski-resort.html,0,0,0
Pats Peak,PO Box 2448,03242 Henniker,New Hampshire,United States,1460,770,690,0,0,0,0,4,2,5,115,1.5,106,100,December 02 2023,March 24 2024,1,14,17,27,15,0,0,30,529,589,529,0,59,69,59,0,69,79,https://www.onthesnow.com/new-hampshire/pats-peak/ski-resort.html,0,0,0
Pebble Creek,P.O. Box 370,83245 Inkom,Idaho,United States,8560,2200,6360,0,0,0,0,3,0,0,30,1.3,85,250,December 02 2023,April 07 2024,0,15,38,51,36,4,0,452,552,644,552,5,32,47,32,5,32,47,https://www.onthesnow.com/idaho/pebble-creek-ski-area/ski-resort.html,Check gondola information.,0,0
Peekn Peak,P.O. Box 360,14736-0360 Findley Lake,New York,United States,1800,400,1400,0,0,0,0,7,0,2,110,2.4,110,225,December 09 2023,March 26 2024,0.7,28,55,43,20,0.2,0,359,399,535,359,39,49,39,49,63,49,0,https://www.onthesnow.com/new-york/peekn-peak/ski-resort.html,0,0,0
Perfect North Slopes,19074 Perfect Lane,47025 Lawrenceburg,Indiana,United States,800,400,400,0,0,0,2,3,0,7,100,1,82,24,November 25 2023,March 10 2024,2,6,6,7,0.9,0,0,366,549,366,42,52,42,42,52,42,29,39,https://www.onthesnow.com/indiana/perfect-north-slopes/ski-resort.html,0,0,0
Pico Mountain,4763 Killington Road,05751 Killington,Vermont,United States,3967,1967,2000,0,2,0,0,2,2,1,156,4,0,250,December 15 2023,April 07 2024,0.2,14,35,36,28,2,0,439,689,539,62,81,69,62,81,69,0,0,https://www.onthesnow.com/vermont/pico-mountain-at-killington/ski-resort.html,0,0,0
Pine Knob,7778 Sashabaw Road,48348 Clartkston,Michigan,United States,1308,300,1009,0,0,0,0,0,0,13,80,1,0,0,November 22 2023,March 19 2024,0.6,6,9,9,5,0,0,420,495,575,517,49,44,57,52,0,0,0,https://www.onthesnow.com/Michigan/pine-knob-ski-resort/ski-resort.html,0,0,0
Pine Mountain,N3332 Pine Mountain Road,49801 Iron Mountain,Michigan,United States,1650,500,1150,0,0,0,0,1,2,1,220,0.5,110,60,December 16 2023,April 07 2024,0.7,8,17,13,4,0.1,0,0,249,299,249,0,44,49,44,0,44,49,https://www.onthesnow.com/Michigan/pine-mountain/ski-resort.html,0,0,0
Plattekill Mountain,469 Plattekill Mountain Road,12474 Roxbury,New York,United States,3500,1100,2400,0,0,0,0,1,1,2,75,2,65,175,December 16 2023,April 07 2024,0,15,24,31,18,2,0,50,399,779,509,0,40,50,40,0,52,68,https://www.onthesnow.com/new-york/plattekill-mountain/ski-resort.html,0,0,0
Pleasant,119 Mountain Road,04009 Bridgton,Maine,United States,1900,1350,600,0,0,0,1,2,1,2,234,0.8,97,110,December 16 2023,April 07 2024,0,13,22,35,20,2,0,439,529,819,559,49,55,58,75,0,0,0,https://www.onthesnow.com/maine/pleasant-mountain/ski-resort.html,0,0,0
Pomerelle Mountain,P.O. Box 158,83311 Albion,Idaho,United States,9000,1000,8000,0,0,0,0,1,1,1,50,1.5,138,500,December 11 2023,April 09 2024,5,37,46,46,43,4,0,25,320,475,0,0,0,0,0,0,0,0,https://www.onthesnow.com/idaho/pomerelle-mountain-resort/ski-resort.html,0,0,0
Powder Mountain,P.O. Box 450,84310 Eden,Utah,United States,9422,2522,6900,0,1,0,4,1,0,3,8464,3.5,120,400,December 08 2023,April 16 2024,13,43,47,52,54,10,0,0,69,119,89,0,79,139,99,0,0,0,https://www.onthesnow.com/utah/powder-mountain/ski-resort.html,0,Check terrain information.,0
Powder Ridge Minnesota,P.O. Box 339,55353 Kimball,Minnesota,United States,790,300,500,0,0,0,0,2,2,3,60,0.5,111,45,November 22 2023,March 31 2024,0.6,6,4,3,0.7,0,0,25,355,535,355,0,27,36,27,0,38,48,https://www.onthesnow.com/Minnesota/powder-ridge-ski-area/ski-resort.html,0,0,0
Powder Ridge Connecticut,99 Powder Hill Road,06455 ddlefield,Connecticut,United States,720,550,170,0,0,0,0,1,2,3,68,0.5,80,80,December 26 2023,March 17 2024,0,0.4,7,5,4,0,0,216,520,570,520,16,35,45,35,18,39,55,https://www.onthesnow.com/connecticut/powder-ridge-park/ski-resort.html,0,0,0
Powderhorn,P.O. Box 370,81643 Mesa,Colorado,United States,9850,1650,8200,0,1,0,0,0,2,2,59,1.5,112,250,November 25 2023,April 07 2024,1,38,39,44,38,2,0,29,399,699,29,19,39,79,19,19,39,79,https://www.onthesnow.com/colorado/powderhorn/ski-resort.html,0,0,0
Purgatory Mountain,#1 Skier Ple,81301 Durango,Colorado,United States,10822,2029,8793,0,2,1,0,3,3,2,250,1.3,130,260,November 18 2023,May 14 2023,13,62,50,52,42,5,0,525,625,899,675,60,70,89,75,60,70,89,https://www.onthesnow.com/colorado/durango-mountain-resort/ski-resort.html,0,0,0
Ragged Mountain,620 Ragged Mountain Road,03230 Danbury,New Hampshire,United States,2250,1250,1000,0,1,1,0,1,0,2,200,1.2,95,100,December 08 2023,April 02 2024,0,24,19,27,15,2,0,699,50,60,74,50,60,70,84,60,0,0,https://www.onthesnow.com/new-hampshire/ragged-mountain-resort/ski-resort.html,0,0,0
Red Lodge Mtn.,P.O. Box 750,59068 Red Lodge,Montana,United States,9416,2400,7016,0,2,0,0,1,3,1,496,2.5,142,250,November 24 2023,April 14 2024,8,26,22,45,38,17,0,299,499,849,309,29,54,69,54,29,54,69,https://www.onthesnow.com/montana/red-lodge-mountain/ski-resort.html,0,0,0
Red River,P.O. Box 900,87558 Red River,New Mexico,United States,10350,1600,8750,0,0,0,1,3,1,2,209,2.5,110,214,November 23 2023,March 17 2024,7,24,25,33,19,0,0,450,490,615,20,0,82,106,0,0,82,106,https://www.onthesnow.com/new-mexico/red-river/ski-resort.html,0,Check terrain information.,0
Roundtop Mountain,925 Roundtop Rd.,17339 Lewisberry,Pennsylvania,United States,1400,600,800,0,0,0,3,2,0,4,103,0.4,0,30,December 24 2023,March 17 2024,0,3,9,7,7,0,0,439,859,55,63,61,73,0,0,0,0,0,https://www.onthesnow.com/pennsylvania/roundtop-mountain-resort/ski-resort.html,0,0,0
Royal Mountain,3072 State Highway 10,12032 Caroga Lake,New York,United States,1800,550,1250,0,0,0,0,0,3,0,28,0.3,0,90,December 17 2023,April 08 2024,0,6,5,7,3,0,0,425,0,30,45,25,0,30,45,25,0,0,https://www.onthesnow.com/new-york/royal-mountain-ski-area/ski-resort.html,Check gondola information.,0,0
Sandia Peak,10 Tramway Loop N.E.,87122 Albuquerque,New Mexico,United States,10378,1700,8678,0,0,0,0,0,3,1,30,2,32,100,November 25 2023,March 10 2024,0.4,6,14,6,0,0,0,239,379,619,479,40,45,55,45,40,45,55,https://www.onthesnow.com/new-mexico/sandia-peak/ski-resort.html,0,0,0
Sapphire Valley,P.O. Box 2048,28717 Cashiers,North Carolina,United States,3450,250,3200,0,0,0,1,0,0,2,8,1,53,24,December 26 2023,March 03 2024,0,12,15,10,0.3,0,0,0,0,0,0,0,0,0,0,0,0,0,https://www.onthesnow.com/north-carolina/sapphire-valley/ski-resort.html,0,0,Check ticket prices.
Saskadena Six,14 The Green,05091 Woodstock,Vermont,United States,1200,650,550,0,0,0,0,0,2,1,50,0.4,100,90,December 14 2023,March 26 2024,0,6,14,21,5,0,0,499,599,499,10,35,45,35,10,60,75,60,https://www.onthesnow.com/vermont/suicide-six/ski-resort.html,0,0,0
Shanty Creek,One Shanty Creek Road,49615 Bellaire,Michigan,United States,1125,450,675,0,0,0,5,0,0,3,72,1,94,160,November 24 2023,March 24 2024,4,29,37,23,11,0,0,239,349,349,349,49,54,59,54,63,69,79,https://www.onthesnow.com/Michigan/shanty-creek/ski-resort.html,0,0,0
Schweitzer,10000 Schweitzer Mountain Road,83864 Sandpoint,Idaho,United States,6400,2400,4000,0,3,1,0,2,2,2,47,2.1,136,300,November 19 2023,April 07 2024,17,68,60,48,33,10,0,49,549,1349,49,0,60,110,0,0,60,110,https://www.onthesnow.com/idaho/schweitzer/ski-resort.html,0,0,0
Seven Oaks,1086 222nd Drive,50036 Boone,Iowa,United States,975,275,800,0,0,0,0,2,0,2,35,1,100,40,November 25 2023,March 10 2024,0,1,3,4,0.1,0,0,90,358,28,40,28,40,20,25,0,0,0,https://www.onthesnow.com/iowa/seven-oaks/ski-resort.html,0,0,0
Seven Springs,777 Waterwheel Drive,15622 Seven Springs,Pennsylvania,United States,2994,750,2240,0,0,2,3,5,0,4,285,1.2,99,135,November 24 2023,April 07 2024,0.9,13,29,26,17,0.6,0,439,859,859,55,67,69,87,0,0,0,0,https://www.onthesnow.com/pennsylvania/seven-springs/ski-resort.html,0,0,0
Showdown,P.O. Box 92,59465 Neihart,Montana,United States,8200,1400,6800,0,0,0,0,1,2,1,640,1.8,86,250,November 24 2023,April 02 2024,2,36,42,50,33,4,0,200,450,700,600,0,25,47,37,0,25,47,https://www.onthesnow.com/montana/showdown-ski-area/ski-resort.html,0,Check terrain information.,0
Sierra at Tahoe,1111 Sierra-at-Tahoe Road,95735 Twin Bridges,California,United States,8852,2212,6640,0,3,0,0,1,5,5,200,2.5,160,460,December 02 2023,April 21 2024,19,67,66,78,66,13,0,289,549,649,289,50,115,125,115,50,115,125,https://www.onthesnow.com/california/sierra-at-tahoe/ski-resort.html,0,0,0
Silver Mountain,610 Bunker Avenue,83837 Kellogg,Idaho,United States,6300,2200,4100,1,0,0,1,2,2,1,225,2.5,130,300,November 24 2023,April 28 2024,5,58,62,62,41,14,0,459,489,799,539,0,42,57,51,0,47,62,https://www.onthesnow.com/idaho/silver-mountain/ski-resort.html,0,0,0
Silverton Mountain,P.O. Box 856,81433 Silverton,CO,United States,13487,3087,10400,0,0,0,0,0,1,0,26819,1.5,175,400,December 28 2023,April 14 2024,0,38,70,74,56,11,0,698,79,79,0,0,0,0,0,0,0,0,https://www.onthesnow.com/colorado/silverton-mountain/ski-resort.html,Check gondola information.,Check terrain information.,0
Sipapu Ski and Summer,5224 NM-518,87579 Vadito,New Mexico,United States,9255,1055,8200,0,0,0,1,2,0,3,140,0.5,127,190,November 18 2023,April 14 2024,12,30,26,28,26,3,0,525,625,899,675,0,40,55,40,0,40,47,https://www.onthesnow.com/new-mexico/sipapu-ski-and-summer-resort/ski-resort.html,0,0,0
Ski Apache,Box 220,88312 Ruidoso,New Mexico,United States,11500,1900,9600,1,0,0,2,5,0,3,270,2,133,185,November 26 2023,March 24 2024,1,18,14,15,7,0,0,950,950,950,850,54,65,74,67,54,65,74,https://www.onthesnow.com/new-mexico/ski-aphe/ski-resort.html,0,0,0
Ski Brule,397 Brule Mountain Road,49935 Iron River,Michigan,United States,1860,500,1360,0,0,0,0,0,5,6,150,1,164,150,November 19 2023,April 14 2024,16,23,22,25,14,11,0,0,441,487,427,0,55,70,70,0,55,70,https://www.onthesnow.com/Michigan/ski-brule/ski-resort.html,0,0,0
Ski Butternut,380 State Road - Route 23,01230 Great Barrington,Masshusetts,United States,1800,1000,800,0,0,0,3,1,1,5,100,1.5,107,115,December 23 2023,April 01 2024,4,12,18,20,15,0.2,0,389,549,599,389,15,20,25,20,25,50,60,https://www.onthesnow.com/masshusetts/ski-butternut/ski-resort.html,0,0,0
Ski Santa Fe,PO Box 2108,87504 Santa Fe,New Mexico,United States,12075,1725,10350,0,0,0,1,2,2,2,275,3,107,225,November 23 2023,April 14 2024,16,34,39,37,38,4,0,60,72,92,72,67,79,99,79,60,72,72,https://www.onthesnow.com/new-mexico/ski-santa-fe/ski-resort.html,0,0,0
Ski Sawmill,383 Oregon Hill Rd.,16938 Morris,Pennsylvania,United States,2215,515,1700,0,0,0,0,1,1,2,13,0.1,0,24,December 26 2023,March 29 2024,0,3,8,9,3,0,0,1400,650,30,32,0,45,48,0,0,0,0,https://www.onthesnow.com/pennsylvania/ski-sawll/ski-resort.html,0,0,0
Ski Snowstar Winter Sports Park,9500 126th St. West,61232 Andalusia,Illinois,United States,790,262,528,0,0,0,2,0,2,2,28,0.8,56,38,December 27 2023,March 04 2024,0,3,11,12,1,0,0,309,0,25,25,25,0,30,35,30,0,0,https://www.onthesnow.com/illinois/ski-snowstar-winter-sports-park/ski-resort.html,0,0,0
Ski Sundown,PO Box 208,06057 New Hartford,Connecticut,United States,1075,625,450,0,0,0,0,3,0,2,70,1,84,45,December 26 2023,March 24 2024,0.5,3,11,17,8,0,0,325,675,725,225,18,54,62,38,18,54,62,https://www.onthesnow.com/connecticut/ski-sundown/ski-resort.html,0,0,0
Ski Ward,1000 Main St,01545 Shrewsbury,Masshusetts,United States,420,210,210,0,0,0,0,1,0,3,45,0.2,105,80,December 25 2023,April 03 2024,0,2,10,14,2,0,0,150,525,190,10,35,10,55,0,0,0,0,https://www.onthesnow.com/masshusetts/ski-ward/ski-resort.html,0,0,0
Sleeping Giant,348 Yellowstone Highway,82414 Cody,Wyoming,United States,7428,810,6619,0,0,0,0,1,1,1,18,1,61,310,December 01 2023,March 10 2024,0.3,17,17,25,8,0,0,250,400,580,100,20,30,42,0,16,30,42,https://www.onthesnow.com/Wyoming/sleeping-giant-ski-resort/ski-resort.html,0,0,0
Smugglers' Notch,4323 Vermont Route 108 South,05464 Smugglers Notch,Vermont,United States,3640,2610,1030,0,0,0,0,0,6,2,192,3,136,280,December 08 2023,April 07 2024,10,48,54,67,54,9,0,0,63,84,63,0,63,84,63,0,48,64,https://www.onthesnow.com/vermont/smugglers-notch-resort/ski-resort.html,0,0,0
Snow Creek,P.O. Box 567,64098 Weston,Missouri,United States,1100,300,800,0,0,0,0,2,1,3,30,0.3,69,20,December 23 2023,March 03 2024,0,5,8,6,1,0,0,439,859,859,10,29,37,10,10,29,47,10,https://www.onthesnow.com/ssouri/snow-creek/ski-resort.html,0,0,0
Snow King,PO Box SKI,83001 Jackson,Wyoming,United States,7808,1571,6237,1,0,0,1,1,1,4,250,1,121,300,December 02 2023,April 07 2024,2,30,28,28,17,0,0,449,599,699,599,49,59,49,49,59,49,39,https://www.onthesnow.com/Wyoming/snow-king-resort/ski-resort.html,0,0,0
Snow Ridge,PO Box 100 Route 26,13473 Turin,New York,United States,2000,650,1350,0,0,0,0,0,3,2,65,0.8,73,230,December 24 2023,April 08 2024,0.1,16,45,38,16,0.4,0,0,500,350,10,33,38,20,15,38,48,28,https://www.onthesnow.com/new-york/snow-ridge/ski-resort.html,0,0,0
Snow Snake,3407 E. Mannsiding Road,48625 Harrison,Michigan,United States,1230,210,1020,0,0,0,0,1,0,5,40,0,0,0,December 26 2023,March 17 2024,0.1,3,8,9,2,0,0,10,230,10,30,35,0,0,0,0,0,0,https://www.onthesnow.com/Michigan/snow-snake-mountain-ski-area/ski-resort.html,0,0,0
Snow Summit,P.O. Box 77,92315 Big Bear Lake,California,United States,8200,1200,7000,0,0,0,2,4,4,0,240,1.2,0,100,November 11 2023,April 28 2024,5,21,31,26,23,0,0,319,549,639,0,0,0,0,0,0,0,0,https://www.onthesnow.com/california/snow-sumt/ski-resort.html,Check gondola information.,0,0
Snow Trails,P.O. Box 1456,44901 Mansfield,Ohio,United States,1475,301,1174,0,0,0,0,4,2,3,40,0.2,87,50,December 17 2023,March 10 2024,0,4,12,10,3,0,0,0,350,495,210,31,41,42,52,0,0,0,https://www.onthesnow.com/ohio/snow-trails/ski-resort.html,0,0,0
Snow Valley,P.O. Box 2337,92382 Running Springs,California,United States,7841,1041,6800,0,0,0,0,5,6,1,188,1.2,111,160,December 25 2022,April 16 2023,4,18,17,23,24,2,0,199,299,359,299,29,59,69,59,35,69,79,https://www.onthesnow.com/california/snow-valley/ski-resort.html,0,0,0
Snowbasin,P.O. Box 460,84317 Huntsville,Utah,United States,9350,2900,6450,3,2,1,0,3,0,3,625,3.5,143,300,November 17 2023,April 21 2024,14,68,67,68,57,16,0,449,699,1149,799,0,89,149,99,0,109,169,https://www.onthesnow.com/utah/snowbasin/ski-resort.html,0,0,0
Snowbird,P.O. Box 929000,84092-9000 Snowbird,Utah,United States,11000,3240,7760,1,7,0,0,0,4,2,2500,2.5,184,500,November 18 2022,May 29 2023,23,88,95,83,77,63,13,379,569,1299,959,0,110,184,156,0,94,156,https://www.onthesnow.com/utah/snowbird/ski-resort.html,0,Check terrain information.,0
Snowshoe Mountain,P.O. Box 10,26209 Snowshoe,West Virginia,United States,4848,1500,3348,0,3,0,0,6,0,3,257,1.5,125,180,November 24 2023,April 02 2024,4,18,33,29,25,0.2,0,329,499,549,479,0,0,0,0,0,0,0,https://www.onthesnow.com/west-virginia/snowshoe-mountain-resort/ski-resort.html,0,0,0
Snowy Range Ski Recreation Area,Po Box 247,82055 Centennial,Wyoming,United States,9663,990,8798,0,0,0,0,1,3,1,30,0.7,131,250,December 02 2023,April 07 2024,1,43,37,35,30,5,0,209,269,329,0,30,42,49,0,30,42,49,https://www.onthesnow.com/Wyoming/snowy-range-ski-recreation-area/ski-resort.html,0,0,0
Soda Springs,P.O. Box 39,96160 Truckee,California,United States,7352,652,6700,0,0,0,0,1,1,4,20,0.4,150,400,November 24 2023,April 21 2024,3,67,53,34,47,13,0,109,149,229,59,40,45,50,40,45,50,0,https://www.onthesnow.com/california/soda-springs/ski-resort.html,0,0,0
Soldier Mountain,P.O. Box 510,83327 Fairfield,Idaho,United States,7200,1400,5800,0,0,0,0,0,2,1,1142,0.4,60,0,December 17 2023,March 25 2024,1,21,29,26,7,0,0,0,299,499,199,27,47,17,27,47,17,20,https://www.onthesnow.com/idaho/soldier-mountain-ski-area/ski-resort.html,0,Check terrain information.,0
Solitude Mountain,12000 Big Cottonwood Canyon,84121 Brighton,Utah,United States,10488,2494,7994,0,4,0,2,1,0,1,150,3,161,500,November 10 2022,May 21 2023,21,76,85,84,78,26,0.1,389,879,1179,45,69,115,85,45,69,115,85,https://www.onthesnow.com/utah/solitude-mountain-resort/ski-resort.html,0,0,0
Song Mountain,PO Box 149,13159 Tully,New York,United States,1940,700,1240,0,0,0,0,1,1,3,70,0.4,90,125,December 16 2023,April 07 2024,0,6,21,29,17,0.5,0,529,299,15,49,59,54,15,49,59,54,0,https://www.onthesnow.com/new-york/song-mountain/ski-resort.html,0,0,0
Spirit Mountain,9500 Spirit Mountain Ple,55810 Duluth,Minnesota,United States,1320,700,620,0,1,0,1,2,1,2,175,1,100,100,November 26 2023,April 07 2024,0.8,17,12,23,8,2,0,80,345,497,345,5,45,59,49,5,45,59,https://www.onthesnow.com/Minnesota/spirit-mountain/ski-resort.html,0,0,0
Spout Springs,79327 Highway 204,97813 Weston,Oregon,United States,5500,610,4850,0,0,0,0,0,2,2,200,0.1,117,118,March 31 2024,March 31 2025,0,0.3,4,2,0,0,0,0,0,0,0,0,0,0,0,0,0,0,https://www.onthesnow.com/oregon/spout-springs/ski-resort.html,0,Check terrain information.,Check ticket prices.
Spring Mountain,P.O. Box 276,19478 Spring Mount,Pennsylvania,United States,528,450,78,0,0,0,0,1,3,2,45,0.2,100,20,December 10 2023,March 10 2024,0,0.2,3,6,1,0,0,25,365,430,365,0,0,0,0,0,0,0,https://www.onthesnow.com/pennsylvania/spring-mountain-ski-area/ski-resort.html,0,0,0
Mission Ridge,P.O. Box 1668,98807-1668 Wenatchee,Washington,United States,6820,2250,4570,0,1,0,0,0,3,3,66,0.8,104,200,November 17 2012,April 28 2024,5,38,34,32,19,9,0,119,499,849,429,0,0,0,0,0,0,0,https://www.onthesnow.com/washington/ssion-ridge/ski-resort.html,0,0,0
Steamboat,2305 Mt. Werner Circle,80487 Steamboat Springs,Colorado,United States,10568,3668,6900,2,6,1,1,4,2,5,333,3,144,336,November 22 2023,April 14 2024,15,80,69,61,46,15,0,389,879,1,133,177,167,144,192,182,106.4,141.6,https://www.onthesnow.com/colorado/steamboat/ski-resort.html,0,0,0
Stevens Pass,P.O. Box 98,98288 Skykosh,Washington,United States,5845,1800,4061,0,4,0,1,3,2,2,1125,1,116,460,December 02 2022,April 16 2023,17,94,77,85,48,21,0,439,859,0,0,0,0,0,0,0,0,0,https://www.onthesnow.com/washington/stevens-pass-resort/ski-resort.html,0,Check terrain information.,0
Stowe Mountain,5781 Mountain Rd.,05672-4890 Stowe,Vermont,United States,4395,2360,2035,2,0,0,4,2,2,2,388,3.7,155,314,November 18 2023,April 14 2024,14,43,50,54,49,13,0,439,859,0,0,0,0,0,0,0,0,0,https://www.onthesnow.com/vermont/stowe-mountain-resort/ski-resort.html,0,0,0
Stratton Mountain,RR #1 Box 145,05155 Stratton Mountain,Vermont,United States,3875,2003,1872,1,1,4,2,1,1,1,474,3,155,180,November 25 2022,April 16 2023,3,30,25,37,22,1,0,389,879,1179,0,100,125,100,0,100,125,100,https://www.onthesnow.com/vermont/stratton-mountain/ski-resort.html,0,0,0
Sugar Bowl,P.O. Box 5,95724 Norden,California,United States,8383,1500,6883,1,5,0,3,1,0,2,375,3,151,500,November 24 2023,April 28 2024,17,75,70,69,77,17,0.6,669,889,1119,889,73,103,125,103,73,103,125,https://www.onthesnow.com/california/sugar-bowl-resort/ski-resort.html,0,0,0
Sugar Mountain,P.O. Box 369,28604 Banner Elk,North Carolina,United States,5300,1200,4100,0,1,1,0,1,3,2,125,1.5,127,77,November 18 2023,March 30 2024,3,8,17,14,6,0,0,860,0,40,50,0,0,59,84,0,0,0,https://www.onthesnow.com/north-carolina/sugar-mountain-resort/ski-resort.html,0,0,0
Sugarbush,1840 Sugarbush cess Road,05674 Warren,Vermont,United States,4083,2600,1483,0,5,0,5,2,1,3,406,3,150,250,November 22 2023,May 05 2024,14,51,44,44,42,14,0,389,879,1179,0,0,0,0,0,0,0,0,https://www.onthesnow.com/vermont/sugarbush/ski-resort.html,0,0,0
Sugarloaf,5092 cess Road,04947 Carrabassett Valley,Maine,United States,4237,2820,1417,0,2,0,3,1,5,2,618,3.5,159,200,November 18 2022,April 30 2023,11,33,28,37,24,11,0,30,829,1329,989,0,0,0,0,0,0,0,https://www.onthesnow.com/maine/sugarloaf/ski-resort.html,0,0,0
The Summit at Snoqualmie,P.O. Box 1068,98068 Snoquale Pass,Washington,United States,3865,1025,2840,0,2,0,4,3,6,5,5,0.8,120,428,December 01 2023,April 28 2024,7,71,61,62,34,14,0,419,519,699,449,15,51,85,51,15,62,95,https://www.onthesnow.com/washington/the-sumt-at-snoquale/ski-resort.html,0,0,0
Sun Valley,P.O. Box 10,83353 Sun Valley,Idaho,United States,9150,3400,5750,1,10,0,0,3,1,2,645,3.6,149,220,November 23 2023,April 14 2024,8,56,35,40,30,10,0,799,1459,2499,114,214,138,114,214,138,102,191,https://www.onthesnow.com/idaho/sun-valley/ski-resort.html,0,0,0
Sunburst,8355 Prospect Drive,53040-9478 Kewaskum,Wisconsin,United States,1100,214,866,0,0,0,0,0,3,7,37,0.5,99,50,December 02 2023,March 17 2024,0,4,3,4,0.6,0,0,249,25,33,25,27,44,25,25,33,25,0,https://www.onthesnow.com/wisconsin/sunburst/ski-resort.html,0,0,0
Sundance,RR #3 Box A-1,84604 Sundance,Utah,United States,8250,2150,6100,0,1,0,4,1,0,3,125,0.6,128,320,December 02 2023,April 07 2024,13,46,62,39,32,0.7,0,399,499,849,350,79,119,55,89,129,65,79,https://www.onthesnow.com/utah/sundance/ski-resort.html,0,0,0
Sunday River,PO Box 4500,04217 Newry,Maine,United States,3140,2340,800,1,4,0,5,3,2,4,552,3,165,167,November 17 2022,April 23 2023,8,27,24,35,20,5,0,30,829,1329,989,0,0,0,0,0,0,0,https://www.onthesnow.com/maine/sunday-river/ski-resort.html,0,0,0
Sundown Mountain,16991 Asbury Road,52002 Dubuque,Iowa,United States,1059,475,584,0,0,0,1,1,2,2,55,0.6,0,45,December 12 2023,March 19 2024,0,6,6,8,2,0,0,360,0,30,38,0,36,46,0,0,0,0,https://www.onthesnow.com/iowa/sundown-mountain/ski-resort.html,0,0,0
Sunlight Mountain,10901 County Road 117,81601 Glenwood Springs,Colorado,United States,9895,2010,7885,0,0,0,0,1,2,0,30,2.5,100,250,November 24 2023,April 02 2024,4,36,38,33,34,2,0,319,419,559,419,0,45,65,45,0,45,65,https://www.onthesnow.com/colorado/sunlight-mountain-resort/ski-resort.html,Check gondola information.,0,0
Sunrise Park,P.O. Box 117,85927 Greer,Arizona,United States,11100,1800,9200,0,1,0,2,2,1,2,80,1.2,105,250,December 02 2023,April 01 2024,5,28,38,32,12,0,0,349,429,649,369,45,54,70,54,54,63,79,https://www.onthesnow.com/arizona/sunrise-park-resort/ski-resort.html,0,0,0
Swain,P.O. Box 44,14884 Swain,New York,United States,1970,650,1320,0,0,0,3,0,1,1,90,1,102,120,December 23 2023,March 26 2024,0.1,11,20,22,12,0,0,10,650,750,650,0,43,55,43,0,62,72,https://www.onthesnow.com/new-york/swain/ski-resort.html,0,0,0
Swiss Valley,Route #1,49061 Jones,Michigan,United States,1200,225,975,0,0,0,2,1,0,4,60,0.1,54,60,December 26 2023,March 13 2024,0,5,17,20,3,0,0,26,32,30,42,0,0,0,0,0,0,0,https://www.onthesnow.com/Michigan/swiss-valley/ski-resort.html,0,0,0
Tahoe Donner,11509 Northwoods Blvd.,96161 Truckee,California,United States,7350,600,6750,0,0,0,1,1,0,3,20,1,150,350,December 08 2023,April 14 2024,4,38,58,57,58,3,0,44,64,74,44,44,64,74,44,0,0,0,https://www.onthesnow.com/california/tahoe-donner/ski-resort.html,0,0,0
Tamarack,PMB 3003,83615 Tamark,Idaho,United States,7700,2800,4900,0,2,0,2,0,0,2,200,1.5,0,300,December 09 2023,April 09 2024,10,60,50,54,41,1,0,332,265,599,332,32,46,71,46,32,46,71,https://www.onthesnow.com/idaho/tamark-resort/ski-resort.html,0,0,0
Taos Ski Valley,P.O. Box 90,87525 Taos Ski Valley,New Mexico,United States,12481,3281,9200,1,1,0,3,4,1,3,647,5,137,300,November 24 2023,April 07 2024,16,38,34,45,41,6,0,695,1045,1450,1305,150,150,195,165,150,150,195,https://www.onthesnow.com/new-mexico/taos-ski-valley/ski-resort.html,0,0,0
Telluride,565 Mountain Village Blvd.,81435 Telluride,Colorado,United States,13150,4425,8725,2,6,0,1,2,2,4,220,4.6,136,280,November 23 2023,April 07 2024,16,49,47,52,49,4,0,735,1100,2600,1955,106,209,160,119,219,179,636,https://www.onthesnow.com/colorado/telluride/ski-resort.html,0,0,0
Terry Peak,P.O. Box 774,57754 Lead,South Dakota,United States,7100,1100,5900,0,3,0,0,1,0,1,225,1.2,114,150,December 02 2023,April 07 2024,3,26,23,29,19,0.5,0,10.6,445.2,742,10.6,0,45,60,0,0,45,60,https://www.onthesnow.com/south-dakota/terry-peak-ski-area/ski-resort.html,0,0,0
Teton Pass,PO Box 1354,59422 Choteau,Montana,United States,7200,1010,6190,0,0,0,0,0,1,2,330,3,40,250,December 16 2022,April 15 2023,0,12,20,25,11,0.5,0,0,450,600,500,0,33,39,36,0,33,39,https://www.onthesnow.com/montana/teton-pass-ski-area/ski-resort.html,0,Check terrain information.,0
Boyne Highlands,600 Highlands Drive,49740 Harbor Springs,Michigan,United States,1290,552,745,0,1,0,3,4,0,2,400,1.2,97,140,November 24 2023,March 24 2024,4,32,45,31,10,0.5,0,0,0,0,0,0,0,0,0,0,0,0,https://www.onthesnow.com/Michigan/boyne-highlands/ski-resort.html,0,0,Check ticket prices.
The Homestead,1 Wood Ridge Road,49636 Glen Arbor,Michigan,United States,900,320,580,0,0,0,0,2,1,2,16,0.2,47,150,December 26 2023,March 17 2024,0,3,14,10,1,0,0,29,249,299,249,29,42,50,42,29,42,50,https://www.onthesnow.com/Michigan/the-homestead/ski-resort.html,0,0,0
Thunder Ridge,Rt. #22 PO Box 627,12563 Patterson,New York,United States,1270,500,770,0,0,0,0,1,2,3,100,0.4,121,0,December 17 2023,April 01 2024,0,2,12,15,9,0,0,179,369,499,369,20,42,57,42,0,0,0,https://www.onthesnow.com/new-york/thunder-ridge/ski-resort.html,0,0,0
Timber Ridge,07500 23 1/2 Street,49055 Gobles,Michigan,United States,850,250,600,0,0,0,1,1,2,6,50,0.3,80,0,December 20 2023,March 17 2024,0,4,15,13,3,0,0,399,29,35,34,45,0,0,0,0,0,0,https://www.onthesnow.com/Michigan/timber-ridge/ski-resort.html,0,0,0
Timberline,HC 70 Box 488,26260 Davis,West Virginia,United States,4265,1000,3268,0,0,1,1,2,1,1,100,2,97,150,November 23 2023,March 26 2024,0,5,19,22,13,0,0,432,649,432,52,72,72,92,0,0,0,0,https://www.onthesnow.com/west-virginia/timberline-four-seasons/ski-resort.html,0,0,0
Timberline Lodge,Mountain Services Office,97028 Timberline Lodge,Oregon,United States,8540,3690,6000,0,5,0,0,1,1,1,1415,2,305,550,November 11 2022,August 31 2023,24,91,69,76,68,59,14,419,519,799,419,0,0,0,0,0,0,0,https://www.onthesnow.com/oregon/timberline-lodge/ski-resort.html,0,Check terrain information.,0
Titus Mountain,215 Johnson Rd.,12953 Malone,New York,United States,2025,1200,825,0,0,0,0,2,4,2,150,2,101,150,December 17 2023,March 31 2024,2,20,38,40,28,0.6,0,399,429,549,399,29,34,39,29,39,44,49,https://www.onthesnow.com/new-york/titus-mountain/ski-resort.html,0,0,0
Toggenburg Mountain,P.O. Box 162,13063 Fabius,New York,United States,2000,700,1300,0,0,0,0,1,1,3,85,0.4,0,130,December 16 2023,April 07 2024,0,0,15,16,7,0,0,45,55,35,45,55,35,0,0,0,0,0,https://www.onthesnow.com/new-york/toggenburg-mountain/ski-resort.html,0,Check terrain information.,0
Treetops,3962 Wilkinson Road,49735 Gaylord,Michigan,United States,1345,225,1120,0,0,0,0,3,0,1,80,0.2,63,175,December 03 2023,April 09 2024,0.6,21,27,25,9,0.5,0,39,359,499,339,0,0,0,0,0,0,0,https://www.onthesnow.com/Michigan/treetops-resort/ski-resort.html,0,0,0
Trollhaugen,2232 100th Avenue,54009 Dresser,Wisconsin,United States,1200,260,920,0,0,0,2,0,2,5,86,0.5,0,50,October 20 2023,April 02 2024,3,14,12,15,8,3,0,400,500,0,42,54,42,0,42,54,42,0,https://www.onthesnow.com/wisconsin/trollhaugen/ski-resort.html,0,0,0
Tussey Mountain,P.O. Box 885,16827 Boalsburg,Pennsylvania,United States,1750,520,1230,0,0,0,1,0,1,3,30,0.3,100,41,December 28 2023,March 26 2024,0,0.2,3,4,2,0,0,383,526,570,275,37,40,42,45,0,0,0,https://www.onthesnow.com/pennsylvania/tussey-mountain/ski-resort.html,0,0,0
Tyrol Basin,3487 Bohn Road,53572 Mt. Horeb,Wisconsin,United States,1160,300,860,0,0,0,0,3,0,2,32,0.5,112,41,November 19 2023,March 26 2024,2,8,9,10,3,0,0,0,449,17,17,17,37,48,37,27,37,27,https://www.onthesnow.com/wisconsin/tyrol-basin/ski-resort.html,0,0,0
Vail,P.O. Box 7,81658 Vail,Colorado,United States,11570,3450,8120,2,15,3,1,1,0,9,461,4,158,354,November 10 2023,April 21 2024,25,57,53,46,46,24,0.3,439,859,155,225,215,169,245,235,0,0,0,https://www.onthesnow.com/colorado/vail/ski-resort.html,0,0,0
Villa Olivia,1401 W. Lake St.,60103 Bartlett,Illinois,United States,500,180,320,0,0,0,1,0,0,6,15,0.1,0,25,December 30 2023,March 03 2024,0,0.4,4,6,1,0,0,400,17,29,40,17,17,29,40,17,0,0,https://www.onthesnow.com/illinois/villa-olivia/ski-resort.html,0,0,0
Waterville Valley,P.O. Box 540,03215 Waterville Valley,New Hampshire,United States,4004,2020,1984,0,1,1,0,2,2,5,265,1.9,142,148,December 10 2023,April 15 2024,4,29,29,33,22,4,0,25,704,1171,737,0,0,0,0,0,0,0,https://www.onthesnow.com/new-hampshire/waterville-valley/ski-resort.html,0,0,0
Welch Village,Box 146,55089 Welch,Minnesota,United States,1060,360,700,0,0,0,3,1,4,2,125,0.8,114,45,November 25 2023,March 26 2024,2,19,17,17,6,0,0,420,500,44,54,44,50,60,50,0,0,0,https://www.onthesnow.com/Minnesota/welch-village/ski-resort.html,0,0,0
West Mountain,59 West Mountain Rd.,12804 Glen Falls,New York,United States,1470,1010,460,0,0,0,0,1,2,2,105,0.6,0,80,December 23 2023,April 07 2024,0,4,8,17,18,0,0,699,799,899,799,35,39,49,35,45,49,59,https://www.onthesnow.com/new-york/west-mountain/ski-resort.html,0,0,0
Whaleback,Enfield,03748 Enfiled,New Hampshire,United States,1800,700,1100,0,0,0,0,0,1,3,60,1,105,110,December 26 2023,March 26 2024,0,6,13,18,8,0,0,150,225,275,200,0,25,30,25,0,35,45,https://www.onthesnow.com/new-hampshire/whalebk-mountain/ski-resort.html,0,0,0
White Pass,P.O. Box 3030,98937 White Pass,Washington,United States,6550,2050,4500,0,2,0,1,1,2,2,30,2.5,148,400,December 01 2023,April 28 2024,5,62,72,78,57,30,0.1,25,539,859,25,5,49,69,5,5,49,69,https://www.onthesnow.com/washington/white-pass/ski-resort.html,0,0,0
White Pine,P.O. Box 1420,82941 Pinedale,Wyoming,United States,9500,1100,8400,0,0,0,0,2,0,0,370,0.4,0,150,December 01 2023,March 24 2024,0.5,22,17,19,14,0.2,0,350,420,485,420,6,36,49,36,6,28,38,https://www.onthesnow.com/Wyoming/white-pine-ski-area/ski-resort.html,Check gondola information.,Check terrain information.,0
Whitecap Mountain,9106 W County Road E,54565 Upson,Wisconsin,United States,1750,400,1295,0,0,0,0,1,4,0,150,1,105,200,December 17 2023,March 26 2024,2,14,28,30,9,0,0,210,300,385,275,30,45,60,45,30,45,60,https://www.onthesnow.com/wisconsin/whitecap-mountain/ski-resort.html,Check gondola information.,0,0
Whiteface Mountain,Whiteface Mountain Route 86,12997 Wilngton,New York,United States,4650,3430,1220,1,1,0,3,1,3,2,220,2.1,126,168,November 24 2023,April 16 2024,9,32,36,39,36,6,0,319,419,809,249,70,90,115,90,70,90,115,https://www.onthesnow.com/new-york/whitefe-mountain-resort/ski-resort.html,0,0,0
Whitefish Mountain,P.O. Box 1400,59937 Whitefish,Montana,United States,6817,2353,4464,0,3,0,2,6,0,3,600,3.3,123,333,December 09 2023,April 07 2024,2,62,57,55,46,8,0,569,799,1399,1179,42,72,83,72,42,72,83,https://www.onthesnow.com/montana/whitefish-mountain-resort/ski-resort.html,0,0,0
Whitetail,13805 Blairs Valley Rd.,17236 Mercersburg,Pennsylvania,United States,1800,935,865,0,1,0,3,0,2,2,120,1,116,40,December 26 2023,March 03 2024,0,5,12,7,3,0,0,439,859,0,61,69,0,79,71,0,0,0,https://www.onthesnow.com/pennsylvania/whitetail-resort/ski-resort.html,0,0,0
Whusett,499 Mountain Road,01541-1105 Princeton,Masshusetts,United States,2006,1000,1006,0,3,0,0,1,0,4,125,1.5,0,100,November 25 2023,April 07 2024,4,18,18,28,16,0.5,0,529,799,529,15,53,65,53,15,58,71,58,https://www.onthesnow.com/masshusetts/whusett-mountain-ski-area/ski-resort.html,0,Check terrain information.,0
Wild Mountain Ski Snowboard Area,P.O. Box 235,55084 Taylors Falls,Minnesota,United States,1113,300,813,0,0,0,4,0,0,4,100,0.9,0,0,October 18 2023,April 01 2024,6,14,10,13,6,3,0,20,339,439,0,43,56,49,0,43,56,49,https://www.onthesnow.com/Minnesota/wild-mountain-ski-snowboard-area/ski-resort.html,0,0,0
Wildcat Mountain,P.O. Box R,03846 Jackson,New Hampshire,United States,4062,2112,1950,0,1,0,0,3,0,1,200,2.8,156,200,November 24 2022,April 16 2023,9,32,30,39,32,8,0,439,859,59,79,59,67,89,67,0,0,0,https://www.onthesnow.com/new-hampshire/wildcat-mountain/ski-resort.html,0,0,0
Willamette Pass,PO Box 5550,97405 Eugene,Oregon,United States,6683,1563,5120,0,0,1,0,3,0,1,60,2.1,0,430,December 02 2022,May 14 2023,1,25,34,35,35,3,0.2,299,399,549,0,0,0,0,0,0,0,0,https://www.onthesnow.com/oregon/willamette-pass/ski-resort.html,0,0,0
Willard Mountain,PO Box 65,12834 Greenwich,New York,United States,1415,505,910,0,0,0,0,0,2,3,35,0.4,85,80,December 16 2023,April 07 2024,0,4,5,11,7,0,0,438,481,516,259,42,46,42,46,0,0,0,https://www.onthesnow.com/new-york/willard-mountain/ski-resort.html,0,0,0
Wilmot Mountain,P.O. Box 427,53192 Wilmot,Wisconsin,United States,1030,230,800,0,0,0,3,2,2,4,135,0.5,125,70,December 03 2023,March 17 2024,0.2,3,10,8,3,0,0,439,859,0,0,0,0,0,0,0,0,0,https://www.onthesnow.com/wisconsin/wilmot-mountain/ski-resort.html,0,0,0
Windham Mountain,P.O. Box 459,12496 Windham,New York,United States,3100,1600,1500,0,2,1,0,2,1,5,280,2,131,105,November 20 2023,April 07 2024,3,18,19,27,18,0.3,0,99,1599,1099,0,0,0,0,0,0,0,0,https://www.onthesnow.com/new-york/windham-mountain/ski-resort.html,0,0,0
Winter Park,P.O. Box 36,80482 Winter Park,Colorado,United States,12060,3060,9000,1,7,2,0,4,6,5,313,4.9,158,360,October 31 2022,May 21 2023,35,65,58,52,56,45,8,149,179,169,121,179,157,0,0,0,0,0,https://www.onthesnow.com/colorado/winter-park-resort/ski-resort.html,0,0,0
Wintergreen,PO Box 706,22958 Wintergreen,Virginia,United States,3515,1003,2512,0,0,2,1,1,1,0,129,1,107,34,December 23 2023,March 10 2024,0.7,1,6,7,3,0,0,529,699,529,0,54,64,54,0,74,94,74,https://www.onthesnow.com/virginia/wintergreen-resort/ski-resort.html,Check gondola information.,0,0
Winterplace Ski,PO Box 1,25841 Flat Top,West Virginia,United States,3600,603,2997,0,0,0,2,3,2,5,90,1.2,120,100,December 09 2023,March 10 2024,0.1,4,13,15,6,0,0,499,699,499,0,35,56,0,54,72,0,0,https://www.onthesnow.com/west-virginia/winterple-ski-resort/ski-resort.html,0,0,0
Wisp,296 Marsh Hill Road,21541 McHenry,Maryland,United States,3115,700,2415,0,0,0,2,5,0,5,118,1.5,121,100,November 25 2023,March 25 2024,0.8,11,21,24,13,0,0,529,699,529,59,84,69,89,0,0,0,0,https://www.onthesnow.com/maryland/wisp/ski-resort.html,0,0,0
Wolf Creek,P.O. Box 2800,81147 Pagosa Springs,Colorado,United States,11904,1604,10300,0,3,0,1,2,1,3,5,2,164,430,November 04 2023,April 07 2024,41,83,71,78,63,8,0.3,490,962,1247,547,6,42,85,54,6,35,69,https://www.onthesnow.com/colorado/wolf-creek-ski-area/ski-resort.html,0,0,0
Wolf Ridge Ski,578 Valey View Circle,28754 Mars Hill,North Carolina,United States,4700,700,4000,0,0,0,1,0,1,2,65,0.6,0,65,November 25 2023,March 10 2024,0,3,11,8,0.7,0,0,5,700,5,0,37,47,0,0,56,76,0,https://www.onthesnow.com/north-carolina/wolf-ridge-ski-resort/ski-resort.html,0,0,0
Woodbury,785 Washington Road,06798 Woodbury,Connecticut,United States,730,300,430,0,0,0,0,0,1,4,50,0.2,126,70,February 29 2024,March 01 2025,0.5,0.5,1,3,1,0,0,15,35,42,15,35,42,0,0,0,0,0,https://www.onthesnow.com/connecticut/woodbury-ski-area/ski-resort.html,0,0,0
Woods Valley,Box 215,13486 Westernville,New York,United States,1400,500,900,0,0,0,0,0,2,4,16,0.3,0,180,December 16 2023,April 07 2024,0,8,20,27,9,0.5,0,0,475,460,368,28,31,33,39,0,0,0,https://www.onthesnow.com/new-york/woods-valley-ski-area/ski-resort.html,0,0,0
Yawgoo Valley,Box 41,2877 Slocum,Rhode Island,United States,315,245,70,0,0,0,0,0,2,2,30,0.2,100,40,December 27 2023,March 17 2024,0,3,10,13,2,0,0,479,499,519,199,0,25,30,25,0,45,50,https://www.onthesnow.com/rhode-island/yawgoo-valley/ski-resort.html,0,0,0
Badger Pass,9001 Village Dr.,95389 Yosete,California,United States,7800,600,7200,0,0,0,0,1,3,1,88,0.4,110,300,December 22 2023,March 20 2024,0.6,9,13,12,5,0,0,181,350,435,350,29.5,42,47,0,29.5,42,47,https://www.onthesnow.com/california/badger-pass/ski-resort.html,0,Check terrain information.,0
Mission Ridge,P.O. Box 1668,98807-1668 Wenatchee,Washington,United States,6820,2250,4570,0,1,,,,3,3,66,0.8,104,200,November 17 2012,April 28 2024,5,38,34,32,19,9,0,119,499,849,429,0,0,0,0,0,0,0,https://www.onthesnow.com/washington/mission-ridge/ski-resort.html,0,0,0
Mt. Bachelor,P.O. Box 1000,97702 Bend,Oregon,United States,9065,3365,5700,0,8,,1,3,,3,20,4,185,462,November 23 2022,May 28 2024,22,103,78,84,68,40,9,279,439,1249,799,62,88,109,88,62,88,109,https://www.onthesnow.com/oregon/mt-bhelor/ski-resort.html,0,0,0
Mt. Bohemia,L La Belle,53066 Michigan,Michigan,United States,1500,900,600,0,,,,1,1,,620,2.3,83,273,November 27 2022,April 7 2024,0,9,35,38,17,6,0,109,68,68,68,68,68,68,68,68,0,0,https://www.onthesnow.com/michigan/mount-bohemia/ski-resort.html,0,0,0
Shawnee Mountain,P.O. Box 339,18356-0339 Shawnee on Delaware,Pennsylvania,United States,1350,700,650,0,1,,1,,3,4,125,1.6,100,50,December 27 2023,March 24 2024,0.8,9,11,13,11,0,0,45,58,45,55,80,70,45,45,45,85,135,https://www.onthesnow.com/pennsylvania/shawnee-mountain-ski-area/ski-resort.html,0,0,0
Wachusett Mountain,499 Mountain Road,01541-1105 Princeton,Masshusetts,United States,2006,1000,1006,0,3,,,1,,4,125,1.5,0,100,November 25 2023,April 7 2024,4,18,18,28,16,0.5,0,529,799,529,15,53,65,53,15,58,71,58,https://www.onthesnow.com/masshusetts/whusett-mountain-ski-area/ski-resort.html,0,0,0
Magic Mountain Vermont,P.O. Box 396,05148 Londonderry,Vermont,United States,2850,1500,1350,0,,,,,2,2,95,1.6,76,150,November 25 2023,April 7 2024,4,20,24,30,27,0.6,0,549,579,849,549,0,69,89,69,0,69,89,https://www.onthesnow.com/vermont/magic-mountain/ski-resort.html,0,0,0